date,oil_production_kbd_sa,real_activity_igrea,oil_price_usd,us_cpi,dprod_pct,real_oil_price,ln_real_oil_price
1974-01-01,55497.55,105.1876,9.59,46.8,,20.4915,-1.585162
1974-02-01,55875.24,88.2496,12.45,47.3,0.6782,26.3214,-1.33479
1974-03-01,56370.32,97.8378,12.73,47.8,0.8821,26.6318,-1.323064
1974-04-01,57400.76,85.8653,12.72,48.1,1.8115,26.4449,-1.330107
1974-05-01,57800.84,103.6249,13.02,48.6,0.6946,26.7901,-1.317137
1974-06-01,57261.55,81.9583,13.06,49.0,-0.9374,26.6531,-1.322266
1974-07-01,55913.38,61.6583,12.75,49.3,-2.3826,25.8621,-1.352393
1974-08-01,54627.78,58.2954,12.68,49.9,-2.3261,25.4108,-1.369995
1974-09-01,54873.53,60.0464,12.53,50.6,0.4488,24.7628,-1.395826
1974-10-01,54664.51,61.2033,12.44,51.0,-0.3816,24.3922,-1.410909
1974-11-01,54411.1,58.6207,12.53,51.5,-0.4647,24.3301,-1.413456
1974-12-01,53938.43,21.4601,12.82,51.9,-0.8725,24.7013,-1.398312
1975-01-01,52442.32,-1.1019,12.77,52.3,-2.8129,24.4168,-1.409898
1975-02-01,51340.07,-10.047,13.05,52.6,-2.1242,24.8099,-1.393928
1975-03-01,51322.03,-26.8475,13.28,52.8,-0.0351,25.1515,-1.380252
1975-04-01,51240.29,-41.5987,13.26,53.0,-0.1594,25.0189,-1.38554
1975-05-01,51711.52,-44.2619,13.27,53.1,0.9154,24.9906,-1.386671
1975-06-01,52883.07,-37.1145,14.15,53.5,2.2403,26.4486,-1.329967
1975-07-01,54009.4,-42.0961,14.03,54.0,2.1075,25.9815,-1.347786
1975-08-01,55342.57,-45.8063,14.25,54.2,2.4384,26.2915,-1.335924
1975-09-01,56776.09,-34.5947,14.04,54.6,2.5573,25.7143,-1.358123
1975-10-01,51036.92,-34.1835,14.66,54.9,-10.6566,26.7031,-1.320391
1975-11-01,52511.3,-24.2835,15.04,55.3,2.8479,27.1971,-1.30206
1975-12-01,53254.18,-35.9037,14.81,55.6,1.4048,26.6367,-1.322881
1976-01-01,53151.88,-46.2066,13.27,55.8,-0.1923,23.7814,-1.436268
1976-02-01,54492.53,-50.4638,13.26,55.9,2.491,23.7209,-1.438812
1976-03-01,55919.64,-32.7325,13.51,56.0,2.5852,24.125,-1.421922
1976-04-01,55197.99,-29.1418,13.39,56.1,-1.2989,23.8681,-1.432628
1976-05-01,55675.1,-19.546,13.41,56.4,0.8606,23.7766,-1.436468
1976-06-01,57360.89,-16.4157,13.48,56.7,2.983,23.7743,-1.436567
1976-07-01,57450.54,-21.7233,13.51,57.0,0.1562,23.7018,-1.439621
1976-08-01,58024.91,-24.2055,13.58,57.3,0.9948,23.6998,-1.439703
1976-09-01,58636.09,-24.9364,13.47,57.6,1.0478,23.3854,-1.453058
1976-10-01,60037.28,-21.0236,13.49,57.9,2.3615,23.2988,-1.456769
1976-11-01,60273.3,-19.5923,13.58,58.1,0.3924,23.3735,-1.453568
1976-12-01,61799.21,-35.9924,13.71,58.4,2.5001,23.476,-1.44919
1977-01-01,56848.68,-49.3723,14.11,58.7,-8.3498,24.0375,-1.425556
1977-02-01,60572.33,-45.2813,14.5,59.3,6.3445,24.4519,-1.408461
1977-03-01,61135.06,-45.6173,14.54,59.6,0.9247,24.396,-1.410752
1977-04-01,60475.97,-43.7365,14.36,60.0,-1.0839,23.9333,-1.429898
1977-05-01,58798.31,-35.9869,14.62,60.2,-2.8133,24.2857,-1.415282
1977-06-01,59571.32,-40.7606,14.63,60.5,1.3061,24.1818,-1.419569
1977-07-01,58187.6,-44.5551,14.44,60.8,-2.3502,23.75,-1.437588
1977-08-01,59178.92,-47.2597,14.68,61.1,1.6893,24.0262,-1.426026
1977-09-01,60134.16,-47.4179,14.5,61.3,1.6013,23.6542,-1.441631
1977-10-01,59606.77,-33.1867,14.56,61.6,-0.8809,23.6364,-1.442384
1977-11-01,60432.64,-33.6653,14.61,62.0,1.376,23.5645,-1.445428
1977-12-01,61691.55,-38.2353,14.76,62.3,2.0618,23.6918,-1.440041
1978-01-01,56720.37,-38.7067,14.52,62.7,-8.4013,23.1579,-1.462834
1978-02-01,58129.34,-39.0154,14.41,63.0,2.4537,22.873,-1.475212
1978-03-01,58709.69,-39.4797,14.57,63.4,0.9934,22.9811,-1.470499
1978-04-01,59898.04,-40.0966,14.4,63.9,2.0039,22.5352,-1.490091
1978-05-01,59130.06,-22.9933,14.51,64.5,-1.2904,22.4961,-1.491827
1978-06-01,60395.33,-17.4275,14.54,65.0,2.1172,22.3692,-1.497484
1978-07-01,59711.32,-26.0295,14.49,65.5,-1.139,22.1221,-1.508591
1978-08-01,60677.47,-26.4696,14.46,65.9,1.6051,21.9423,-1.516752
1978-09-01,62526.04,-14.202,14.53,66.5,3.0011,21.8496,-1.520986
1978-10-01,62548.91,-18.2377,14.63,67.1,0.0366,21.8033,-1.52311
1978-11-01,62373.26,-4.2134,14.74,67.5,-0.2812,21.837,-1.521563
1978-12-01,61037.12,-7.214,14.94,67.9,-2.1654,22.0029,-1.513994
1979-01-01,60162.13,-16.4907,15.5,68.5,-1.4439,22.6277,-1.485994
1979-02-01,60392.91,-11.0374,15.88,69.2,0.3829,22.948,-1.47194
1979-03-01,61629.27,6.8645,16.41,69.9,2.0265,23.4764,-1.449175
1979-04-01,63159.55,8.845,17.58,70.6,2.4527,24.9008,-1.390268
1979-05-01,63198.77,28.6508,19.0,71.4,0.0621,26.6106,-1.323859
1979-06-01,63336.06,45.9374,21.03,72.2,0.217,29.1274,-1.23349
1979-07-01,63703.8,53.9653,23.09,73.0,0.5789,31.6301,-1.15106
1979-08-01,63741.52,36.8717,23.98,73.7,0.0592,32.5373,-1.122783
1979-09-01,63239.59,43.4417,25.06,74.4,-0.7906,33.6828,-1.088183
1979-10-01,63271.76,43.3707,25.05,75.2,0.0509,33.3112,-1.099277
1979-11-01,63274.43,48.8833,27.02,76.0,0.0042,35.5526,-1.034156
1979-12-01,62838.77,35.0737,28.91,76.9,-0.6909,37.5943,-0.978318
1980-01-01,62355.64,34.4539,30.75,78.0,-0.7718,39.4231,-0.930819
1980-02-01,62629.91,39.8114,32.4,79.0,0.4389,41.0127,-0.891289
1980-03-01,61645.01,41.7911,33.42,80.1,-1.5851,41.7228,-0.874121
1980-04-01,60683.41,60.1251,33.54,80.9,-1.5722,41.4586,-0.880475
1980-05-01,60308.53,63.2844,34.33,81.7,-0.6197,42.0196,-0.867034
1980-06-01,60429.85,56.5264,34.48,82.5,0.201,41.7939,-0.872419
1980-07-01,59757.25,44.4159,34.51,82.6,-1.1193,41.7797,-0.872761
1980-08-01,59760.34,53.1719,34.44,83.2,0.0052,41.3942,-0.882029
1980-09-01,58362.92,54.4237,34.46,83.9,-2.3661,41.0727,-0.889826
1980-10-01,55486.28,54.3113,34.63,84.7,-5.0545,40.8855,-0.894395
1980-11-01,55992.14,64.1398,35.09,85.6,0.9075,40.993,-0.891769
1980-12-01,57400.54,67.7804,35.63,86.4,2.4842,41.2384,-0.8858
1981-01-01,57893.32,63.4745,38.85,87.2,0.8548,44.5528,-0.808496
1981-02-01,58066.37,61.2883,39.0,88.0,0.2985,44.3182,-0.813775
1981-03-01,58808.83,49.7684,38.31,88.6,1.2705,43.2393,-0.838421
1981-04-01,58097.73,45.4202,38.41,89.1,-1.2166,43.1089,-0.841441
1981-05-01,57520.67,35.3536,37.84,89.7,-0.9982,42.1851,-0.863104
1981-06-01,56735.19,40.6116,37.03,90.5,-1.375,40.9171,-0.893621
1981-07-01,55159.05,32.2649,36.58,91.5,-2.8174,39.9781,-0.916837
1981-08-01,54389.58,14.6739,35.82,92.2,-1.4048,38.8503,-0.945454
1981-09-01,54259.39,12.6021,35.44,93.1,-0.2396,38.0666,-0.965833
1981-10-01,54197.01,15.1375,35.43,93.4,-0.115,37.9336,-0.969332
1981-11-01,53305.76,14.1722,36.21,93.8,-1.6581,38.6034,-0.95183
1981-12-01,54306.67,7.2301,35.95,94.1,1.8603,38.204,-0.962229
1982-01-01,54694.7,2.6565,35.54,94.4,0.712,37.6483,-0.976882
1982-02-01,53967.05,-6.6825,35.48,94.7,-1.3393,37.4657,-0.981745
1982-03-01,52241.89,2.5453,34.07,94.7,-3.2489,35.9768,-1.022297
1982-04-01,51236.19,10.4938,32.82,95.0,-1.9438,34.5474,-1.062839
1982-05-01,52308.67,7.3492,32.78,95.9,2.0716,34.1814,-1.073487
1982-06-01,54154.35,-16.991,33.79,97.0,3.4676,34.8351,-1.054546
1982-07-01,53440.08,-41.288,33.44,97.5,-1.3277,34.2974,-1.0701
1982-08-01,53529.62,-43.6306,32.95,97.7,0.1674,33.7257,-1.08691
1982-09-01,53150.86,-27.8237,33.03,97.7,-0.7101,33.8076,-1.084485
1982-10-01,54433.23,-27.2547,33.28,98.1,2.384,33.9246,-1.081031
1982-11-01,54706.85,-24.6584,33.09,98.0,0.5014,33.7653,-1.085736
1982-12-01,53614.64,-19.9045,32.85,97.7,-2.0167,33.6233,-1.08995
1983-01-01,52759.88,-17.8723,31.4,97.9,-1.6071,32.0735,-1.137139
1983-02-01,49721.78,-12.995,30.76,98.0,-5.9308,31.3878,-1.158752
1983-03-01,50747.15,-10.103,28.43,98.1,2.0412,28.9806,-1.238542
1983-04-01,51258.59,-7.4121,27.95,98.8,1.0028,28.2895,-1.26268
1983-05-01,53183.19,-7.6157,28.53,99.2,3.6859,28.7601,-1.246182
1983-06-01,53307.78,-22.5506,29.23,99.4,0.234,29.4064,-1.223957
1983-07-01,54782.41,-33.8035,28.76,99.8,2.7287,28.8176,-1.244183
1983-08-01,54796.55,-34.8451,29.5,100.1,0.0258,29.4705,-1.221779
1983-09-01,55223.5,-31.8256,29.54,100.4,0.7761,29.4223,-1.223417
1983-10-01,54525.06,-28.855,29.67,100.8,-1.2728,29.4345,-1.223002
1983-11-01,54580.06,-21.4757,29.09,101.1,0.1008,28.7735,-1.245716
1983-12-01,53822.21,-31.7962,29.3,101.4,-1.3982,28.8955,-1.241486
1984-01-01,54563.75,-29.9283,28.8,102.1,1.3683,28.2076,-1.265577
1984-02-01,54477.03,-23.2958,28.91,102.6,-0.1591,28.1774,-1.26665
1984-03-01,54202.46,-19.0453,28.95,102.9,-0.5053,28.1341,-1.268187
1984-04-01,55077.69,-15.0718,29.11,103.3,1.6018,28.1801,-1.266556
1984-05-01,54754.55,-15.7046,29.26,103.5,-0.5884,28.2705,-1.26335
1984-06-01,55891.04,-24.5556,29.19,103.7,2.0544,28.1485,-1.267676
1984-07-01,54661.03,-29.4429,29.0,104.1,-2.2253,27.8578,-1.278056
1984-08-01,53369.08,-28.5922,28.92,104.4,-2.3919,27.7011,-1.283696
1984-09-01,53476.77,-25.4465,28.7,104.7,0.2016,27.4117,-1.294202
1984-10-01,53461.34,-24.1728,28.79,105.1,-0.0289,27.393,-1.294884
1984-11-01,53208.73,-16.6257,28.74,105.3,-0.4736,27.2934,-1.298524
1984-12-01,52964.31,-19.7818,28.02,105.5,-0.4604,26.5592,-1.325792
1985-01-01,52562.85,-23.3352,27.49,105.7,-0.7609,26.0076,-1.346783
1985-02-01,53954.36,-27.6631,26.99,106.3,2.6129,25.3904,-1.370799
1985-03-01,54353.84,-25.9311,27.2,106.8,0.7377,25.4682,-1.367741
1985-04-01,54194.44,-20.9461,27.59,107.0,-0.2937,25.785,-1.355375
1985-05-01,53041.92,-24.9667,27.6,107.2,-2.1496,25.7463,-1.35688
1985-06-01,51529.36,-34.4691,27.25,107.5,-2.8931,25.3488,-1.372437
1985-07-01,52144.54,-50.2119,26.57,107.7,1.1868,24.6704,-1.399567
1985-08-01,52169.34,-57.6692,26.61,107.9,0.0476,24.6617,-1.399918
1985-09-01,53868.03,-50.1174,26.56,108.1,3.2042,24.5698,-1.40365
1985-10-01,55079.87,-37.0449,26.79,108.5,2.2247,24.6912,-1.398721
1985-11-01,55298.44,-36.2224,27.12,109.0,0.396,24.8807,-1.391076
1985-12-01,55570.69,-36.0695,26.21,109.5,0.4911,23.9361,-1.429784
1986-01-01,55358.62,-37.8211,24.93,109.9,-0.3824,22.6843,-1.483499
1986-02-01,55261.25,-51.7717,18.11,109.7,-0.176,16.5087,-1.801285
1986-03-01,54839.46,-55.4118,14.22,109.1,-0.7662,13.0339,-2.037615
1986-04-01,55164.46,-61.5729,13.15,108.7,0.5909,12.0975,-2.11217
1986-05-01,56585.79,-66.4075,13.17,109.0,2.5439,12.0826,-2.113406
1986-06-01,57325.56,-69.366,12.25,109.4,1.2989,11.1974,-2.189485
1986-07-01,58115.0,-80.9893,10.91,109.5,1.3677,9.9635,-2.306245
1986-08-01,59000.47,-78.3234,11.87,109.6,1.5122,10.8303,-2.222823
1986-09-01,54814.5,-54.2812,12.85,110.0,-7.3591,11.6818,-2.147137
1986-10-01,54673.69,-48.8312,12.78,110.2,-0.2572,11.5971,-2.154415
1986-11-01,55217.55,-51.1488,13.46,110.4,0.9898,12.192,-2.104388
1986-12-01,55488.11,-60.1372,14.17,110.8,0.4888,12.7888,-2.0566
1987-01-01,55449.71,-46.5386,16.45,111.4,-0.0692,14.7666,-1.912802
1987-02-01,54645.46,-41.8083,16.98,111.8,-1.461,15.1878,-1.884675
1987-03-01,54037.19,-35.0975,17.26,112.2,-1.1194,15.3832,-1.871891
1987-04-01,54905.82,-25.1988,17.89,112.7,1.5947,15.874,-1.840488
1987-05-01,55904.12,-19.4486,18.25,113.0,1.8019,16.1504,-1.823223
1987-06-01,55682.91,-30.7346,18.71,113.5,-0.3965,16.4846,-1.802745
1987-07-01,57788.12,-33.6767,19.26,113.8,3.711,16.9244,-1.776412
1987-08-01,58667.25,-18.7915,19.32,114.3,1.5098,16.9029,-1.777686
1987-09-01,57874.23,-22.337,18.57,114.7,-1.3609,16.1901,-1.820773
1987-10-01,57646.12,-17.3335,18.53,115.0,-0.3949,16.113,-1.825541
1987-11-01,56867.0,-12.3195,18.14,115.4,-1.3608,15.7192,-1.850285
1987-12-01,56992.02,-5.1279,17.2,115.6,0.2196,14.8789,-1.905227
1988-01-01,56720.9,2.8897,15.45,116.0,-0.4769,13.319,-2.015981
1988-02-01,56772.13,14.1402,15.43,116.2,0.0903,13.2788,-2.018999
1988-03-01,57294.27,19.2361,14.73,116.5,0.9155,12.6438,-2.068005
1988-04-01,57926.05,11.6968,15.62,117.2,1.0967,13.3276,-2.01533
1988-05-01,57780.38,5.2497,15.93,117.5,-0.2518,13.5574,-1.998234
1988-06-01,57512.83,-5.0598,15.5,118.0,-0.4641,13.1356,-2.029845
1988-07-01,57450.81,-11.4159,14.81,118.5,-0.1079,12.4979,-2.07961
1988-08-01,58734.23,-9.3465,14.32,119.0,2.2094,12.0336,-2.117466
1988-09-01,59039.97,-4.7962,13.84,119.5,0.5192,11.5816,-2.155753
1988-10-01,60161.56,-1.8846,13.05,119.9,1.8819,10.8841,-2.21787
1988-11-01,60337.53,7.8944,12.66,120.3,0.2921,10.5237,-2.251541
1988-12-01,60623.02,11.3679,14.11,120.7,0.472,11.6901,-2.146424
1989-01-01,58353.0,17.837,16.04,121.2,-3.8164,13.2343,-2.022356
1989-02-01,57796.94,12.2763,16.61,121.6,-0.9575,13.6595,-1.990732
1989-03-01,58338.22,17.5997,17.77,122.2,0.9322,14.5417,-1.928147
1989-04-01,59062.83,17.0345,19.59,123.1,1.2344,15.9139,-1.837978
1989-05-01,59154.93,21.593,19.05,123.7,0.1558,15.4002,-1.870792
1989-06-01,59220.5,3.1832,18.27,124.1,0.1108,14.722,-1.915827
1989-07-01,59311.92,1.1076,17.99,124.5,0.1542,14.4498,-1.93449
1989-08-01,60283.76,2.4909,17.23,124.5,1.6252,13.8394,-1.977654
1989-09-01,60248.4,3.9693,17.62,124.8,-0.0587,14.1186,-1.957678
1989-10-01,60228.73,10.6788,18.29,125.4,-0.0327,14.5853,-1.925154
1989-11-01,60774.03,18.2228,18.32,125.9,0.9013,14.5512,-1.927495
1989-12-01,60453.59,14.6383,20.05,126.3,-0.5287,15.8749,-1.840431
1990-01-01,60695.49,16.5709,20.51,127.5,0.3994,16.0863,-1.827204
1990-02-01,60872.13,13.138,19.78,128.0,0.2906,15.4531,-1.867359
1990-03-01,61826.07,12.5877,18.94,128.6,1.555,14.7278,-1.915431
1990-04-01,61744.98,2.753,16.66,128.9,-0.1312,12.9247,-2.046026
1990-05-01,61370.63,-6.1491,16.07,129.1,-0.6081,12.4477,-2.083633
1990-06-01,60559.58,-14.9759,15.15,129.9,-1.3304,11.6628,-2.148764
1990-07-01,60289.34,-24.9559,16.54,130.5,-0.4472,12.6743,-2.065592
1990-08-01,56825.72,-15.9389,24.26,131.6,-5.9166,18.4347,-1.690938
1990-09-01,59183.7,-18.5343,29.88,132.5,4.0657,22.5509,-1.489393
1990-10-01,59092.01,-14.517,32.88,133.4,-0.155,24.6477,-1.400488
1990-11-01,59616.56,-9.5523,30.19,133.7,0.8838,22.5804,-1.488088
1990-12-01,59924.94,-0.2746,25.56,134.2,0.5159,19.0462,-1.658303
1991-01-01,60272.01,0.3537,22.3,134.7,0.5775,16.5553,-1.798463
1991-02-01,59873.48,10.1109,18.3,134.8,-0.6634,13.5757,-1.996891
1991-03-01,60239.65,18.0521,17.58,134.8,0.6097,13.0415,-2.03703
1991-04-01,59230.56,10.6011,18.32,135.1,-1.6893,13.5603,-1.998022
1991-05-01,59270.92,14.4375,18.36,135.6,0.0681,13.5398,-1.999535
1991-06-01,59482.63,16.6228,17.78,136.0,0.3566,13.0735,-2.034581
1991-07-01,60048.31,8.1509,18.14,136.2,0.9465,13.3186,-2.016005
1991-08-01,59458.15,2.9909,18.71,136.6,-0.9877,13.6969,-1.987999
1991-09-01,60251.82,6.1007,19.0,137.0,1.326,13.8686,-1.975542
1991-10-01,59834.77,10.4443,19.86,137.2,-0.6946,14.4752,-1.932732
1991-11-01,59754.22,11.0435,19.35,137.8,-0.1347,14.0421,-1.963111
1991-12-01,60230.54,5.6045,17.17,138.2,0.794,12.424,-2.085538
1992-01-01,59678.04,2.7313,16.1,138.3,-0.9215,11.6414,-2.150606
1992-02-01,59456.88,-10.622,16.0,138.6,-0.3713,11.544,-2.159003
1992-03-01,58477.56,-17.9481,16.36,139.1,-1.6608,11.7613,-2.140354
1992-04-01,58604.84,-21.7626,17.37,139.4,0.2174,12.4605,-2.082603
1992-05-01,58630.9,-14.0939,18.79,139.7,0.0445,13.4503,-2.006172
1992-06-01,58527.35,-22.097,19.83,140.1,-0.1768,14.1542,-1.955161
1992-07-01,58627.0,-31.5225,19.74,140.5,0.1701,14.0498,-1.96256
1992-08-01,58806.03,-31.4734,19.25,140.8,0.3049,13.6719,-1.989829
1992-09-01,59201.24,-32.8384,19.26,141.1,0.6698,13.6499,-1.991438
1992-10-01,59148.85,-32.243,19.34,141.7,-0.0885,13.6486,-1.991537
1992-11-01,58619.57,-19.475,18.4,142.1,-0.8989,12.9486,-2.04418
1992-12-01,58799.15,-7.6687,16.94,142.3,0.3059,11.9044,-2.12826
1993-01-01,59004.08,-12.2893,16.8,142.8,0.3479,11.7647,-2.140066
1993-02-01,59488.27,-10.1243,17.41,143.1,0.8173,12.1663,-2.106499
1993-03-01,58468.44,-2.0042,17.82,143.3,-1.7292,12.4355,-2.084619
1993-04-01,58537.69,2.0287,18.35,143.8,0.1184,12.7608,-2.058794
1993-05-01,58739.41,8.1111,17.89,144.2,0.344,12.4064,-2.086959
1993-06-01,58436.79,4.7749,16.8,144.3,-0.5165,11.6424,-2.150516
1993-07-01,58565.33,-6.7066,15.81,144.5,0.2197,10.9412,-2.212637
1993-08-01,58472.66,-6.0218,15.64,144.8,-0.1584,10.8011,-2.225522
1993-09-01,58795.2,-3.8513,15.32,145.0,0.5501,10.5655,-2.247575
1993-10-01,58916.13,-7.3957,15.59,145.6,0.2055,10.7074,-2.234233
1993-11-01,58898.13,-12.973,14.05,146.0,-0.0306,9.6233,-2.340984
1993-12-01,58822.12,-18.1471,12.56,146.3,-0.1291,8.5851,-2.455142
1994-01-01,60895.21,-18.6294,12.93,146.3,3.4637,8.838,-2.426109
1994-02-01,60113.43,-24.7044,12.9,146.7,-1.2921,8.7935,-2.431162
1994-03-01,60144.4,-25.3294,13.18,147.1,0.0515,8.9599,-2.412412
1994-04-01,60212.95,-13.1026,14.54,147.2,0.1139,9.8777,-2.314889
1994-05-01,60627.61,-0.2,15.74,147.5,0.6863,10.6712,-2.237623
1994-06-01,61059.82,-9.5286,17.04,147.9,0.7104,11.5213,-2.160973
1994-07-01,60538.13,-5.5468,17.52,148.4,-0.8581,11.8059,-2.136568
1994-08-01,59873.08,-0.2999,16.66,149.0,-1.1046,11.1812,-2.190936
1994-09-01,60792.75,3.3791,15.91,149.3,1.5244,10.6564,-2.23901
1994-10-01,60881.55,19.7196,16.27,149.4,0.146,10.8902,-2.217304
1994-11-01,60612.49,22.5639,16.46,149.8,-0.4429,10.988,-2.208368
1994-12-01,61171.67,29.3315,15.78,150.1,0.9183,10.513,-2.252558
1995-01-01,61169.65,30.431,16.56,150.5,-0.0033,11.0033,-2.206973
1995-02-01,61527.72,28.9865,17.21,150.9,0.5837,11.4049,-2.171127
1995-03-01,61151.76,38.8069,17.21,151.2,-0.6129,11.3823,-2.173113
1995-04-01,61869.72,41.3636,18.7,151.8,1.1672,12.3188,-2.09404
1995-05-01,61639.26,40.9355,18.56,152.1,-0.3732,12.2025,-2.103529
1995-06-01,61239.91,29.4728,17.43,152.4,-0.65,11.437,-2.168316
1995-07-01,61854.47,27.6994,16.5,152.6,0.9985,10.8126,-2.22446
1995-08-01,61972.56,33.5368,16.54,152.9,0.1907,10.8175,-2.224002
1995-09-01,62126.29,29.7196,16.71,153.1,0.2478,10.9144,-2.215084
1995-10-01,61147.68,13.8135,16.29,153.5,-1.5877,10.6124,-2.243149
1995-11-01,61580.87,10.172,16.52,153.7,0.7059,10.7482,-2.230431
1995-12-01,61582.35,8.2569,17.53,153.9,0.0024,11.3905,-2.172389
1996-01-01,62201.42,3.2375,17.48,154.7,1.0003,11.2993,-2.18043
1996-02-01,62679.54,-4.3675,17.77,155.0,0.7657,11.4645,-2.165913
1996-03-01,62551.13,-8.1396,19.9,155.5,-0.2051,12.7974,-2.055926
1996-04-01,62625.86,-3.3533,21.33,156.1,0.1194,13.6643,-1.990382
1996-05-01,62488.91,-6.1643,20.12,156.4,-0.2189,12.8645,-2.050702
1996-06-01,63047.62,-16.8412,19.32,156.7,0.8901,12.3293,-2.093192
1996-07-01,62899.85,-29.7687,19.6,157.0,-0.2347,12.4841,-2.080716
1996-08-01,62942.84,-32.6314,20.53,157.2,0.0683,13.0598,-2.035632
1996-09-01,63092.6,-38.0746,22.04,157.7,0.2377,13.9759,-1.967836
1996-10-01,62817.89,-28.7798,23.22,158.2,-0.4364,14.6776,-1.918846
1996-11-01,63069.05,-4.307,22.66,158.7,0.399,14.2785,-1.946414
1996-12-01,63702.46,-1.8669,23.22,159.1,0.9993,14.5946,-1.924519
1997-01-01,64317.24,-3.516,23.02,159.4,0.9605,14.4417,-1.935053
1997-02-01,64484.83,-5.1917,20.88,159.7,0.2602,13.0745,-2.034505
1997-03-01,64228.1,-2.7472,19.16,159.8,-0.3989,11.99,-2.121098
1997-04-01,65382.28,-9.027,17.83,159.9,1.7811,11.1507,-2.193666
1997-05-01,64959.38,-16.4589,18.55,159.9,-0.6489,11.601,-2.154079
1997-06-01,64104.72,-16.9479,17.35,160.2,-1.3244,10.8302,-2.222831
1997-07-01,64483.75,-11.7747,17.49,160.4,0.5895,10.904,-2.216041
1997-08-01,65433.65,-15.3483,17.96,160.8,1.4623,11.1692,-2.192014
1997-09-01,65567.34,-15.1965,17.85,161.2,0.2041,11.0732,-2.200642
1997-10-01,66135.85,-13.1534,18.73,161.5,0.8633,11.5975,-2.154379
1997-11-01,65480.41,-19.9054,17.88,161.7,-0.996,11.0575,-2.20206
1997-12-01,65426.16,-19.9604,15.95,161.8,-0.0829,9.8578,-2.316902
1998-01-01,66619.52,-26.5258,14.33,162.0,1.8075,8.8457,-2.425241
1998-02-01,67065.07,-42.3651,13.32,162.0,0.6666,8.2222,-2.49833
1998-03-01,67063.0,-35.331,12.34,162.0,-0.0031,7.6173,-2.57475
1998-04-01,66943.48,-42.2528,12.81,162.2,-0.1784,7.8977,-2.538604
1998-05-01,66584.12,-42.6358,12.61,162.6,-0.5383,7.7552,-2.556803
1998-06-01,66563.36,-51.5417,11.61,162.8,-0.0312,7.1314,-2.640656
1998-07-01,65806.61,-58.1839,11.55,163.2,-1.1434,7.0772,-2.648291
1998-08-01,64786.57,-63.1418,11.34,163.4,-1.5622,6.94,-2.667865
1998-09-01,64558.06,-54.2915,12.77,163.5,-0.3533,7.8104,-2.549714
1998-10-01,64581.93,-42.2836,12.11,163.9,0.037,7.3887,-2.605225
1998-11-01,65166.22,-44.8104,10.99,164.1,0.9007,6.6971,-2.70349
1998-12-01,65436.12,-57.0076,9.39,164.4,0.4133,5.7117,-2.862657
1999-01-01,65583.29,-62.5917,10.16,164.7,0.2246,6.1688,-2.785667
1999-02-01,65426.91,-58.3956,10.33,164.7,-0.2387,6.272,-2.769073
1999-03-01,65218.85,-43.7307,12.1,164.8,-0.3185,7.3422,-2.611527
1999-04-01,64366.2,-48.776,14.82,165.9,-1.316,8.9331,-2.415408
1999-05-01,63862.52,-34.6538,15.57,166.0,-0.7856,9.3795,-2.366642
1999-06-01,63782.51,-41.7007,15.91,166.0,-0.1254,9.5843,-2.34504
1999-07-01,63941.18,-43.1736,18.05,166.7,0.2485,10.8278,-2.22305
1999-08-01,64245.72,-36.4205,19.56,167.1,0.4752,11.7056,-2.145106
1999-09-01,63984.4,-27.5394,21.64,167.8,-0.4076,12.8963,-2.048229
1999-10-01,64113.19,-11.9849,21.62,168.1,0.2011,12.8614,-2.05094
1999-11-01,64221.4,-12.3687,23.14,168.4,0.1686,13.7411,-1.984779
1999-12-01,63656.09,-11.7649,24.35,168.8,-0.8841,14.4254,-1.936183
2000-01-01,64245.05,-9.8285,25.29,169.3,0.921,14.938,-1.901263
2000-02-01,64852.46,-8.4806,27.39,170.0,0.941,16.1118,-1.82562
2000-03-01,65170.7,6.1982,27.7,171.0,0.4895,16.1988,-1.820231
2000-04-01,65985.8,9.2853,24.29,170.9,1.243,14.213,-1.951014
2000-05-01,66627.45,5.3012,26.35,171.2,0.9677,15.3914,-1.871364
2000-06-01,66306.14,4.0727,28.91,172.2,-0.4834,16.7886,-1.784469
2000-07-01,66583.36,5.76,28.0,172.7,0.4172,16.2131,-1.819351
2000-08-01,67292.21,7.2182,28.8,172.7,1.059,16.6763,-1.791181
2000-09-01,67192.17,11.2246,30.56,173.6,-0.1488,17.6037,-1.737062
2000-10-01,67435.07,12.4975,29.71,173.9,0.3609,17.0845,-1.766997
2000-11-01,67983.36,11.7993,30.0,174.2,0.8098,17.2216,-1.759007
2000-12-01,66605.21,4.9512,25.19,174.6,-2.048,14.4273,-1.936051
2001-01-01,67357.35,1.8399,24.49,175.6,1.1229,13.9465,-1.969944
2001-02-01,66653.82,-3.9348,24.97,176.0,-1.05,14.1875,-1.952809
2001-03-01,67324.24,-2.2798,23.01,176.1,1.0008,13.0664,-2.035123
2001-04-01,66945.35,-6.5663,22.99,176.4,-0.5644,13.0329,-2.037695
2001-05-01,66384.58,-6.2831,24.63,177.3,-0.8412,13.8917,-1.973878
2001-06-01,64825.12,-11.3674,23.95,177.7,-2.3772,13.4778,-2.004128
2001-07-01,66693.59,-24.2067,22.76,177.4,2.8416,12.8298,-2.053402
2001-08-01,66978.26,-44.8721,23.77,177.4,0.4259,13.3991,-2.009983
2001-09-01,66271.99,-48.7341,22.51,178.1,-1.0601,12.639,-2.068386
2001-10-01,65716.75,-53.3858,18.76,177.6,-0.8413,10.5631,-2.247807
2001-11-01,65283.08,-58.0677,16.06,177.5,-0.6621,9.0479,-2.402639
2001-12-01,65465.82,-56.1035,15.95,177.4,0.2795,8.991,-2.408948
2002-01-01,65454.6,-49.3272,17.04,177.7,-0.0171,9.5892,-2.344533
2002-02-01,65480.04,-46.2599,18.24,178.0,0.0388,10.2472,-2.278167
2002-03-01,65026.69,-35.9921,22.29,178.5,-0.6947,12.4874,-2.08045
2002-04-01,64486.49,-35.1501,23.98,179.3,-0.8342,13.3742,-2.01184
2002-05-01,65525.84,-39.2642,24.44,179.5,1.5989,13.6156,-1.993954
2002-06-01,65595.97,-42.8992,23.45,179.6,0.107,13.0568,-2.035862
2002-07-01,66036.47,-43.6591,24.99,180.0,0.6693,13.8833,-1.974481
2002-08-01,65944.4,-42.3608,25.68,180.5,-0.1395,14.2271,-1.950018
2002-09-01,65968.68,-25.8372,27.14,180.8,0.0368,15.0111,-1.896383
2002-10-01,66832.42,-11.4949,25.99,181.2,1.3008,14.3433,-1.94189
2002-11-01,66736.41,-4.7635,23.68,181.5,-0.1438,13.0468,-2.036625
2002-12-01,66162.42,8.4389,26.68,181.8,-0.8638,14.6755,-1.918993
2003-01-01,69247.1,9.8352,30.3,182.6,4.5569,16.5936,-1.79615
2003-02-01,70454.46,8.27,32.23,183.6,1.7285,17.5545,-1.739862
2003-03-01,70627.39,18.2724,29.23,183.9,0.2452,15.8945,-1.839197
2003-04-01,69601.09,29.7684,24.48,183.2,-1.4638,13.3624,-2.012722
2003-05-01,69658.66,37.8813,25.15,182.9,0.0827,13.7507,-1.984082
2003-06-01,69495.97,33.5892,27.22,183.1,-0.2338,14.8662,-1.90608
2003-07-01,69499.62,36.0186,27.95,183.7,0.0053,15.215,-1.882887
2003-08-01,70135.16,39.9516,28.5,184.5,0.9103,15.4472,-1.867745
2003-09-01,70087.79,47.2533,25.66,185.1,-0.0676,13.8628,-1.975963
2003-10-01,70841.48,100.0156,27.32,184.9,1.0696,14.7756,-1.912196
2003-11-01,70946.94,102.1985,27.47,185.0,0.1487,14.8486,-1.907261
2003-12-01,71637.88,110.2064,28.63,185.5,0.9692,15.434,-1.8686
2004-01-01,71573.29,122.5656,30.11,186.3,-0.0902,16.1621,-1.822501
2004-02-01,71404.16,126.6593,30.69,186.7,-0.2366,16.4381,-1.805566
2004-03-01,72064.52,120.5824,32.16,187.1,0.9206,17.1887,-1.76092
2004-04-01,71982.43,107.2238,32.34,187.4,-0.114,17.2572,-1.756941
2004-05-01,72653.79,84.7857,35.68,188.2,0.9283,18.9586,-1.662915
2004-06-01,74097.88,63.1409,33.45,188.9,1.9681,17.7078,-1.731166
2004-07-01,73974.91,89.5832,35.89,189.1,-0.1661,18.9794,-1.661817
2004-08-01,73144.24,99.5471,39.46,189.2,-1.1293,20.8562,-1.567517
2004-09-01,73583.92,98.7252,40.42,189.8,0.5993,21.2961,-1.546646
2004-10-01,73759.11,107.5453,45.36,190.8,0.2378,23.7736,-1.436595
2004-11-01,73499.69,122.913,39.89,191.7,-0.3523,20.8086,-1.569806
2004-12-01,73240.49,126.961,34.07,191.7,-0.3533,17.7726,-1.727514
2005-01-01,73098.65,106.8143,37.56,191.6,-0.1939,19.6033,-1.62947
2005-02-01,73786.0,107.2304,39.72,192.4,0.9359,20.6445,-1.577722
2005-03-01,73880.97,110.2067,45.73,193.1,0.1286,23.682,-1.440454
2005-04-01,74748.17,106.8943,45.25,193.7,1.167,23.3609,-1.454108
2005-05-01,75238.3,85.9357,43.19,193.6,0.6536,22.3089,-1.500185
2005-06-01,74646.43,57.239,49.28,193.7,-0.7898,25.4414,-1.368792
2005-07-01,74271.29,35.417,52.79,194.9,-0.5038,27.0857,-1.306165
2005-08-01,74548.93,34.3846,58.67,196.1,0.3731,29.9184,-1.206696
2005-09-01,73276.55,57.127,58.79,198.8,-1.7215,29.5724,-1.218328
2005-10-01,73404.88,69.129,55.31,199.1,0.175,27.78,-1.280853
2005-11-01,73781.14,61.7336,49.97,198.1,0.5113,25.2246,-1.377349
2005-12-01,74001.14,50.4321,50.85,198.1,0.2977,25.6689,-1.359892
2006-01-01,74043.84,36.0706,55.85,199.3,0.0577,28.0231,-1.272142
2006-02-01,74405.59,43.9278,52.8,199.4,0.4874,26.4794,-1.328802
2006-03-01,74662.42,50.0952,55.31,199.7,0.3446,27.6965,-1.283863
2006-04-01,74252.64,44.4708,62.41,200.7,-0.5504,31.0962,-1.168086
2006-05-01,74164.33,43.4035,64.39,201.3,-0.119,31.9871,-1.139838
2006-06-01,74596.63,54.0319,63.79,201.8,0.5812,31.6105,-1.151681
2006-07-01,75143.17,65.1815,67.99,202.9,0.73,33.5091,-1.093353
2006-08-01,74351.38,83.8747,66.45,203.8,-1.0593,32.6055,-1.120689
2006-09-01,74301.26,93.6536,57.29,202.8,-0.0674,28.2495,-1.264094
2006-10-01,73931.75,93.9943,52.7,201.9,-0.4986,26.102,-1.343157
2006-11-01,73499.67,98.0565,52.7,202.0,-0.5861,26.0891,-1.343652
2006-12-01,73174.12,101.1073,54.97,203.1,-0.4439,27.0655,-1.306911
2007-01-01,73862.54,103.9746,49.57,203.437,0.9364,24.3663,-1.411971
2007-02-01,74213.67,102.3114,53.77,204.226,0.4743,26.3287,-1.334512
2007-03-01,74146.99,117.2204,56.31,205.288,-0.0899,27.4298,-1.293542
2007-04-01,74505.24,128.705,60.45,205.904,0.482,29.3583,-1.225593
2007-05-01,74357.08,139.1327,61.55,206.755,-0.199,29.7695,-1.211685
2007-06-01,74130.07,128.7107,65.24,207.234,-0.3058,31.4813,-1.155776
2007-07-01,74473.69,141.6814,70.75,207.603,0.4625,34.0795,-1.076475
2007-08-01,73726.02,150.8761,68.28,207.667,-1.009,32.8796,-1.112319
2007-09-01,74112.54,168.1566,72.34,208.547,0.5229,34.6876,-1.058787
2007-10-01,74783.52,187.5647,78.61,209.19,0.9013,37.5783,-0.978744
2007-11-01,73933.82,188.076,85.53,210.834,-1.1427,40.5675,-0.902204
2007-12-01,74445.31,181.1968,83.21,211.445,0.6894,39.353,-0.932597
2008-01-01,74619.84,149.2241,84.82,212.174,0.2342,39.9766,-0.916875
2008-02-01,74609.53,144.9353,87.41,212.687,-0.0138,41.098,-0.889212
2008-03-01,74966.31,160.7007,96.96,213.448,0.477,45.4256,-0.789095
2008-04-01,74726.51,163.3784,104.72,213.942,-0.3204,48.9478,-0.714415
2008-05-01,75282.78,189.8495,116.55,215.208,0.7416,54.1569,-0.613285
2008-06-01,75314.32,183.2935,126.22,217.463,0.0419,58.0421,-0.544002
2008-07-01,75621.36,169.0804,127.77,219.016,0.4069,58.3382,-0.538913
2008-08-01,74712.32,150.5777,111.19,218.69,-1.2094,50.8437,-0.676415
2008-09-01,73747.23,110.9149,96.38,218.877,-1.3002,44.0339,-0.820211
2008-10-01,74195.25,10.7267,70.84,216.995,0.6057,32.6459,-1.11945
2008-11-01,73722.93,-66.5075,49.1,213.153,-0.6386,23.0351,-1.468151
2008-12-01,73051.91,-75.2509,35.59,211.398,-0.9144,16.8355,-1.781678
2009-01-01,72371.78,-55.6111,36.84,211.933,-0.9354,17.3829,-1.749686
2009-02-01,72660.88,13.8396,38.56,212.705,0.3987,18.1284,-1.707691
2009-03-01,72631.27,21.6357,45.96,212.495,-0.0408,21.6287,-1.531147
2009-04-01,73235.26,5.1328,49.58,212.709,0.8282,23.3088,-1.456338
2009-05-01,73091.45,47.7493,56.77,213.022,-0.1966,26.6498,-1.322387
2009-06-01,73231.23,87.9786,66.37,214.79,0.1911,30.8999,-1.174416
2009-07-01,73743.2,75.3271,63.46,214.726,0.6967,29.5539,-1.218953
2009-08-01,73373.63,52.6759,68.09,215.445,-0.5024,31.6044,-1.151875
2009-09-01,73848.65,39.3676,67.65,215.861,0.6453,31.3396,-1.160287
2009-10-01,73763.13,54.767,72.06,216.509,-0.1159,33.2827,-1.100133
2009-11-01,73565.57,90.7303,74.4,217.234,-0.2682,34.2488,-1.071519
2009-12-01,73358.79,81.016,72.67,217.347,-0.2815,33.435,-1.095567
2010-01-01,73924.86,69.1173,75.07,217.488,0.7687,34.5168,-1.063723
2010-02-01,74143.21,52.5781,73.73,217.281,0.2949,33.933,-1.080782
2010-03-01,74527.99,70.7402,76.77,217.353,0.5176,35.3204,-1.040709
2010-04-01,74601.49,65.6366,80.03,217.403,0.0986,36.8118,-0.999351
2010-05-01,74840.4,89.068,71.15,217.29,0.3197,32.7443,-1.116443
2010-06-01,74481.69,67.5358,71.91,217.199,-0.4805,33.1079,-1.105399
2010-07-01,74286.1,19.4756,73.27,217.605,-0.2629,33.6711,-1.08853
2010-08-01,74324.98,43.6593,73.52,217.923,0.0523,33.7367,-1.086584
2010-09-01,74677.52,54.8216,73.15,218.275,0.4732,33.5128,-1.093244
2010-10-01,74469.49,53.6818,76.9,219.035,-0.279,35.1085,-1.046726
2010-11-01,74469.02,38.7316,79.92,219.59,-0.0006,36.3951,-1.010736
2010-12-01,74654.2,25.1524,85.59,220.472,0.2484,38.8213,-0.946202
2011-01-01,75797.43,-12.1369,87.61,221.187,1.5198,39.609,-0.926113
2011-02-01,75270.05,-29.3717,91.42,221.898,-0.6982,41.1991,-0.886754
2011-03-01,74362.48,-6.2765,102.43,223.046,-1.2131,45.9233,-0.778198
2011-04-01,74529.77,-17.1643,113.02,224.093,0.2247,50.4344,-0.684496
2011-05-01,74162.04,-16.6158,107.98,224.806,-0.4946,48.0325,-0.733292
2011-06-01,74955.33,-10.6422,105.38,224.806,1.064,46.876,-0.757665
2011-07-01,74906.61,-15.5748,105.94,225.395,-0.065,47.0019,-0.754982
2011-08-01,75525.83,-14.1639,99.0,226.106,0.8233,43.7848,-0.825884
2011-09-01,74953.42,14.076,101.05,226.597,-0.7608,44.5946,-0.807558
2011-10-01,74985.68,26.0529,101.99,226.75,0.043,44.9791,-0.798973
2011-11-01,75631.58,13.8842,107.67,227.169,0.8577,47.3964,-0.746623
2011-12-01,76080.19,15.8379,106.52,227.223,0.5914,46.8791,-0.757599
2012-01-01,76632.66,-42.9337,105.25,227.842,0.7235,46.1943,-0.772314
2012-02-01,76767.78,-82.1352,108.08,228.329,0.1762,47.3352,-0.747916
2012-03-01,76800.41,-62.0855,111.0,228.807,0.0425,48.5125,-0.723349
2012-04-01,77441.12,-44.8471,108.54,229.187,0.8308,47.3587,-0.747419
2012-05-01,77008.5,-36.8566,103.26,228.713,-0.5602,45.1483,-0.795218
2012-06-01,76807.0,-52.7142,92.18,228.524,-0.262,40.3371,-0.907898
2012-07-01,76620.26,-40.6203,92.99,228.59,-0.2434,40.6798,-0.899438
2012-08-01,76751.2,-73.8589,97.04,229.918,0.1707,42.2064,-0.862599
2012-09-01,76229.57,-81.4955,101.82,231.015,-0.6819,44.0751,-0.819276
2012-10-01,76296.43,-51.8042,100.92,231.638,0.0877,43.568,-0.830848
2012-11-01,76490.69,-44.1603,98.07,231.249,0.2543,42.4088,-0.857814
2012-12-01,76464.09,-61.9983,93.7,231.221,-0.0348,40.524,-0.903276
2013-01-01,76284.81,-72.5024,97.91,231.679,-0.2347,42.2611,-0.861304
2013-02-01,75987.7,-76.2593,99.23,232.937,-0.3902,42.5995,-0.853328
2013-03-01,76334.17,-59.5927,99.11,232.282,0.4549,42.668,-0.851722
2013-04-01,77086.57,-59.4551,96.45,231.797,0.9808,41.6097,-0.876837
2013-05-01,77218.06,-61.9499,98.5,231.893,0.1704,42.4765,-0.85622
2013-06-01,77273.14,-52.0638,97.17,232.445,0.0713,41.8034,-0.872192
2013-07-01,77349.05,-34.3444,101.56,232.9,0.0982,43.6067,-0.829959
2013-08-01,77248.99,-37.5833,104.16,233.456,-0.1294,44.6165,-0.807065
2013-09-01,76833.65,6.0153,103.49,233.544,-0.5391,44.3128,-0.813896
2013-10-01,76566.2,17.5158,97.84,233.669,-0.3487,41.8712,-0.870572
2013-11-01,76522.48,-1.4004,90.36,234.1,-0.0571,38.5989,-0.951947
2013-12-01,77037.72,31.9522,90.57,234.719,0.6711,38.5866,-0.952266
2014-01-01,77648.53,-7.2747,89.71,235.288,0.7897,38.1277,-0.964228
2014-02-01,78057.15,-32.8163,96.1,235.547,0.5249,40.7987,-0.896521
2014-03-01,77553.24,-6.4576,97.13,236.028,-0.6477,41.1519,-0.8879
2014-04-01,77680.35,-41.5238,97.33,236.468,0.1638,41.1599,-0.887706
2014-05-01,78120.63,-46.8391,98.46,236.918,0.5652,41.5587,-0.878064
2014-06-01,78422.64,-55.2024,100.26,237.231,0.3859,42.2626,-0.861268
2014-07-01,78238.54,-68.7579,98.75,237.498,-0.235,41.5793,-0.877568
2014-08-01,78711.32,-52.1996,93.23,237.46,0.6025,39.2613,-0.93493
2014-09-01,79503.95,-33.9655,89.38,237.477,1.002,37.6373,-0.977174
2014-10-01,79938.83,-35.7352,82.75,237.43,0.5455,34.8524,-1.054049
2014-11-01,79350.92,-16.3166,74.34,236.983,-0.7382,31.3693,-1.159339
2014-12-01,80313.19,-53.9923,57.36,236.252,1.2054,24.2792,-1.415552
2015-01-01,79963.5,-75.8428,44.74,234.747,-0.4364,19.0588,-1.65764
2015-02-01,79769.09,-105.525,47.18,235.342,-0.2434,20.0474,-1.60707
2015-03-01,80843.02,-99.0683,47.22,235.976,1.3373,20.0105,-1.608913
2015-04-01,80783.71,-96.3659,51.62,236.222,-0.0734,21.8523,-1.520863
2015-05-01,80993.48,-95.5756,57.51,237.001,0.2593,24.2657,-1.416106
2015-06-01,81443.62,-79.9035,58.89,237.657,0.5542,24.7794,-1.395157
2015-07-01,81518.52,-46.5855,52.42,238.034,0.0919,22.0221,-1.513125
2015-08-01,81392.58,-37.5712,43.23,238.033,-0.1546,18.1613,-1.705875
2015-09-01,81340.52,-55.3283,41.12,237.498,-0.064,17.3138,-1.753665
2015-10-01,80742.8,-66.6502,42.03,237.733,-0.7376,17.6795,-1.732765
2015-11-01,81056.64,-97.4953,39.05,238.017,0.3879,16.4064,-1.807499
2015-12-01,81327.27,-108.6845,33.16,237.761,0.3333,13.9468,-1.969922
2016-01-01,81649.04,-138.0311,27.48,237.652,0.3949,11.5631,-2.157349
2016-02-01,80820.89,-160.737,26.66,237.336,-1.0195,11.233,-2.186313
2016-03-01,80845.41,-138.6447,32.24,238.08,0.0303,13.5417,-1.999399
2016-04-01,80407.85,-92.8175,35.9,238.992,-0.5427,15.0214,-1.895693
2016-05-01,79887.22,-90.8605,40.88,239.557,-0.6496,17.0648,-1.76815
2016-06-01,80597.9,-92.9298,44.13,240.222,0.8857,18.3705,-1.694424
2016-07-01,80919.23,-77.5422,41.48,240.101,0.3979,17.2761,-1.755848
2016-08-01,80474.09,-82.561,41.21,240.545,-0.5516,17.1319,-1.764226
2016-09-01,80903.45,-61.9414,40.86,241.176,0.5321,16.942,-1.775375
2016-10-01,81507.95,-57.2066,44.76,241.741,0.7444,18.5157,-1.686552
2016-11-01,82137.33,-36.1187,41.8,242.026,0.7692,17.2709,-1.756149
2016-12-01,81679.05,-38.3036,46.72,242.637,-0.5595,19.2551,-1.647394
2017-01-01,81086.07,-53.1182,48.12,243.618,-0.7286,19.7522,-1.621904
2017-02-01,80887.18,-70.8792,49.38,244.006,-0.2456,20.2372,-1.597647
2017-03-01,80530.31,-29.923,46.53,243.892,-0.4422,19.0781,-1.656628
2017-04-01,80366.93,-23.0672,47.47,244.193,-0.2031,19.4395,-1.637861
2017-05-01,81433.65,-45.5789,47.21,244.004,1.3186,19.348,-1.642579
2017-06-01,81683.98,-57.8088,44.03,244.163,0.3069,18.033,-1.712965
2017-07-01,81718.18,-52.4834,44.76,244.243,0.0419,18.326,-1.696849
2017-08-01,81408.2,-29.5743,47.62,245.183,-0.3801,19.4222,-1.638752
2017-09-01,81611.4,-12.166,50.46,246.435,0.2493,20.476,-1.585917
2017-10-01,81270.39,-3.5926,51.4,246.626,-0.4187,20.8413,-1.568235
2017-11-01,81359.21,-5.7574,56.3,247.284,0.1092,22.7673,-1.479843
2017-12-01,81096.75,4.9399,57.44,247.805,-0.3231,23.1795,-1.461901
2018-01-01,81978.8,-21.8052,59.71,248.859,1.0818,23.9935,-1.427387
2018-02-01,82137.17,-31.835,58.03,249.529,0.193,23.2558,-1.458615
2018-03-01,82192.96,-29.1049,56.82,249.577,0.0679,22.7665,-1.479879
2018-04-01,82273.21,-31.3865,61.24,250.227,0.0976,24.4738,-1.407568
2018-05-01,82466.51,-17.8801,65.89,250.792,0.2347,26.2728,-1.336637
2018-06-01,82634.44,-13.3396,66.82,251.018,0.2034,26.6196,-1.323522
2018-07-01,82913.32,6.67,66.62,251.214,0.3369,26.5192,-1.3273
2018-08-01,83436.76,10.2319,65.48,251.663,0.6293,26.0189,-1.346346
2018-09-01,83652.19,-6.5056,66.7,252.182,0.2579,26.4492,-1.329946
2018-10-01,83958.75,-0.0175,67.79,252.772,0.3658,26.8186,-1.316073
2018-11-01,83940.48,-25.7175,54.4,252.594,-0.0218,21.5365,-1.535419
2018-12-01,83570.72,-14.2875,42.8,252.767,-0.4415,16.9326,-1.77593
2019-01-01,82297.52,-36.8209,49.71,252.561,-1.5352,19.6824,-1.625447
2019-02-01,82191.74,-89.4238,56.66,253.319,-0.1286,22.3671,-1.497581
2019-03-01,82045.12,-81.8365,61.14,254.277,-0.1785,24.0446,-1.425258
2019-04-01,82312.62,-69.2245,65.42,255.233,0.3255,25.6315,-1.361349
2019-05-01,82156.36,-39.7962,65.03,255.296,-0.19,25.4724,-1.367575
2019-06-01,82123.17,-27.0901,58.16,255.213,-0.0404,22.7888,-1.478901
2019-07-01,81287.21,19.4002,59.18,255.802,-1.0232,23.1351,-1.46382
2019-08-01,82476.88,25.2942,55.41,256.036,1.4529,21.6415,-1.530558
2019-09-01,80881.92,38.2134,57.31,256.43,-1.9528,22.3492,-1.498381
2019-10-01,82201.43,16.9975,54.44,257.155,1.6182,21.1701,-1.55258
2019-11-01,82653.17,-8.3325,55.27,257.879,0.548,21.4325,-1.54026
2019-12-01,82908.37,-11.1691,56.85,258.63,0.3083,21.9812,-1.514982
2020-01-01,82807.28,-78.998,53.87,259.127,-0.122,20.789,-1.570745
2020-02-01,81913.99,-120.7878,47.39,259.25,-1.0846,18.2797,-1.699382
2020-03-01,82177.42,-93.6456,28.5,258.076,0.3211,11.0433,-2.20335
2020-04-01,82848.47,-82.7131,16.74,256.032,0.8133,6.5382,-2.727501
2020-05-01,72015.37,-113.0465,22.56,255.802,-14.0134,8.8193,-2.428225
2020-06-01,70758.15,-28.1944,36.14,257.042,-1.7612,14.06,-1.961839
2020-07-01,71795.39,6.88,39.33,258.352,1.4553,15.2234,-1.882335
2020-08-01,72974.4,-0.7582,41.72,259.316,1.6288,16.0885,-1.827067
2020-09-01,72897.76,-8.0294,38.73,259.997,-0.1051,14.8963,-1.904056
2020-10-01,72911.21,6.5049,37.81,260.319,0.0184,14.5245,-1.929334
2020-11-01,74323.85,-25.9215,39.15,260.911,1.919,15.0051,-1.896779
2020-12-01,75159.7,-20.9048,45.34,262.045,1.1183,17.3024,-1.754327
2021-01-01,75935.26,7.7654,49.6,262.639,1.0266,18.8852,-1.66679
2021-02-01,73934.75,-2.4356,55.71,263.573,-2.6698,21.1365,-1.554171
2021-03-01,75947.27,26.915,59.84,264.847,2.6856,22.5942,-1.487478
2021-04-01,75811.27,46.8279,60.88,266.625,-0.1792,22.8336,-1.476938
2021-05-01,76599.92,64.3952,63.81,268.404,1.0349,23.7739,-1.436583
2021-06-01,77110.62,62.5891,68.86,270.71,0.6645,25.4368,-1.368973
2021-07-01,77955.99,70.6661,69.91,271.965,1.0903,25.7055,-1.358465
2021-08-01,77647.06,85.9788,65.72,272.752,-0.3971,24.0951,-1.42316
2021-09-01,78120.54,99.9218,69.27,273.942,0.6079,25.2864,-1.374904
2021-10-01,78893.85,110.8462,75.94,276.528,0.985,27.462,-1.292369
2021-11-01,79400.55,55.1557,76.61,278.824,0.6402,27.4761,-1.291853
2021-12-01,79023.53,56.4692,68.22,280.806,-0.476,24.2944,-1.414926
2022-01-01,79522.66,8.5114,76.92,282.542,0.6296,27.2243,-1.301061
2022-02-01,80550.39,12.0969,87.73,284.525,1.2841,30.8338,-1.176557
2022-03-01,80644.11,40.711,104.39,287.467,0.1163,36.3137,-1.012974
2022-04-01,80145.02,30.0647,102.7,288.582,-0.6208,35.5878,-1.033167
2022-05-01,79907.55,57.4884,108.71,291.299,-0.2967,37.319,-0.985666
2022-06-01,80141.87,35.5147,112.06,295.072,0.2928,37.9772,-0.968185
2022-07-01,80740.17,21.7331,99.67,294.94,0.7438,33.7933,-1.084907
2022-08-01,81817.08,-16.7653,92.21,295.162,1.325,31.2405,-1.163456
2022-09-01,82422.58,-11.8469,83.3,296.421,0.7373,28.1019,-1.269332
2022-10-01,81844.57,7.6749,84.26,297.979,-0.7038,28.2772,-1.263116
2022-11-01,81721.67,-25.7948,79.31,298.708,-0.1503,26.551,-1.326102
2022-12-01,81240.32,-14.4561,70.89,298.808,-0.5908,23.7243,-1.438672
2023-01-01,81812.22,-61.7415,70.32,300.456,0.7015,23.4044,-1.452245
2023-02-01,82367.47,-94.2258,69.67,301.476,0.6764,23.1096,-1.464921
2023-03-01,82419.74,-17.8985,68.53,301.643,0.0634,22.7189,-1.481973
2023-04-01,82255.31,-13.2866,75.23,302.858,-0.1997,24.84,-1.392714
2023-05-01,81728.65,-17.6897,70.05,303.316,-0.6423,23.0947,-1.465566
2023-06-01,82474.22,-44.6814,69.58,304.099,0.9081,22.8807,-1.474876
2023-07-01,81278.06,-48.6413,74.83,304.615,-1.461,24.5654,-1.40383
2023-08-01,81038.19,-38.9173,81.1,306.138,-0.2956,26.4913,-1.328353
2023-09-01,82022.07,-19.9818,87.14,307.374,1.2068,28.3498,-1.260549
2023-10-01,81702.03,9.437,83.21,307.653,-0.391,27.0467,-1.307605
2023-11-01,82081.61,7.4641,76.42,308.087,0.4635,24.8047,-1.394138
2023-12-01,82456.95,40.074,68.09,308.735,0.4562,22.0545,-1.511653
2024-01-01,81533.78,-5.1801,69.37,309.794,-1.1259,22.3923,-1.496453
2024-02-01,82077.34,21.2518,73.0,311.022,0.6645,23.471,-1.449404
2024-03-01,82690.02,26.6906,75.99,312.107,0.7437,24.3474,-1.412744
2024-04-01,82537.09,1.1038,81.93,313.016,-0.1851,26.1744,-1.340389
2024-05-01,82081.85,10.2848,78.34,313.14,-0.5531,25.0176,-1.385592
2024-06-01,81827.04,11.871,78.85,313.131,-0.3109,25.1812,-1.379074
2024-07-01,81728.14,12.0568,79.51,313.566,-0.1209,25.3567,-1.372127
2024-08-01,81978.62,0.5524,74.75,314.131,0.306,23.7958,-1.435661
2024-09-01,80951.9,14.0418,69.77,314.851,-1.2603,22.1597,-1.506895
2024-10-01,81429.65,-2.4625,70.77,315.564,0.5884,22.4265,-1.494926
2024-11-01,81314.19,-10.4982,69.13,316.449,-0.1419,21.8455,-1.521173
2024-12-01,81855.64,-44.4317,68.28,317.603,0.6637,21.4985,-1.537185
2025-01-01,82029.91,-61.4261,72.71,319.086,0.2127,22.787,-1.478982
