date,rea,cpi,crude_prod_millions_barrels_day,crude_prod_millions_barrels_day_nsa,price_per_barrel,price_per_barrel_nsa,wip,dprod,dwip,rpoil
1974-01-01,105.18759,46.8,55497.5546004154,55474,9.59,9.59,44.12575,NA,NA,-158.5162314028254
1974-02-01,88.249638,47.3,55875.2413731472,55943,12.45,12.45,43.92731,0.6782414273869719,-0.45072899443407977,-133.47896725871706
1974-03-01,97.83784,47.8,56370.3208966557,56375,12.73,12.73,43.89911,0.8821421960563569,-0.06421758047090442,-132.3064226928095
1974-04-01,85.865336,48.1,57400.7589401939,57110,12.72,12.72,43.91048,1.8114730430388803,0.025896943747349965,-133.01066191997393
1974-05-01,103.62493,48.6,57800.8398270628,57279,13.02,13.02,44.12793,0.6945780260043222,0.49398993506439837,-131.71368941260252
1974-06-01,81.958255,49,57261.5459163201,56858,13.06,13.06,43.99809,-0.9374007957914543,-0.294669143006665,-132.22661742623413
1974-07-01,61.65831,49.3,55913.3799781796,55765,12.75,12.75,43.59385,-2.3825590372268834,-0.9230138525231801,-135.23928094442093
1974-08-01,58.29543,49.9,54627.7811811659,54302,12.68,12.68,43.52949,-2.3261140931206015,-0.1477445922236864,-136.99950537483932
1974-09-01,60.04644,50.6,54873.5285151676,54841,12.53,12.53,43.02672,0.4488489631091497,-1.1617321381428791,-139.5825807385443
1974-10-01,61.203348,51,54664.5099867212,55013,12.44,12.44,42.58267,-0.3816368907012091,-1.037395506128913,-141.09085454132926
1974-11-01,58.6207,51.5,54411.0966060622,55088,12.53,12.53,41.76262,-0.4646572125905024,-1.9445681925016611,-141.34560387617137
1974-12-01,21.460085,51.9,53938.4308286305,54596,12.82,12.82,40.56196,-0.8724888553562238,-2.9170999483160376,-139.8312338679319
1975-01-01,-1.1018931,52.3,52442.3217212889,52420,12.77,12.77,40.07324,-2.81292944591911,-1.2121901709976513,-140.98977010264292
1975-02-01,-10.047002,52.6,51340.0664830367,51408,13.05,13.05,39.66098,-2.1242461378712107,-1.0340947055147875,-139.39279859749618
1975-03-01,-26.847535,52.8,51322.0299379637,51326,13.28,13.28,39.34963,-0.035137691294906404,-0.7881260797882206,-138.0252046663928
1975-04-01,-41.598666,53,51240.2939611605,50946,13.26,13.26,39.36544,-0.1593879526119224,0.04017019920734555,-138.55399287944053
1975-05-01,-44.261852,53.1,51711.5202839773,51181,13.27,13.27,39.10808,0.9154372209895456,-0.6559178757255868,-138.6671079903777
1975-06-01,-37.114516,53.5,52883.0725679372,52475,14.15,14.15,39.41539,2.240271222391854,0.7827253914457266,-132.99670298127143
1975-07-01,-42.096149,54,54009.404949248,53856,14.03,14.03,39.45966,2.107489873318258,0.11225350639691989,-134.77861524499048
1975-08-01,-45.806326,54.2,55342.5712393835,55017,14.25,14.25,39.63263,2.4384238737154007,0.4373884629093716,-133.59240017309412
1975-09-01,-34.594679,54.6,56776.0879385414,56741,14.04,14.04,40.0177,2.5572814226535456,0.9669087373565421,-135.81234841531943
1975-10-01,-34.183466,54.9,51036.9204772293,51389,14.66,14.66,40.42241,-10.656594835089628,1.0062477906894962,-132.03906520569794
1975-11-01,-24.2835,55.3,52511.3048004322,53192,15.04,15.04,40.61921,2.8479174210749747,0.48567732690214527,-130.20595900065953
1975-12-01,-35.903686,55.6,53254.1780390888,53916,14.81,14.81,40.92939,1.4047786390060324,0.7607279483883733,-132.28805729768294
1976-01-01,-46.206636,55.8,53151.884183537,53133,13.27,13.27,41.38901,-0.19227078782630969,1.1166999754126827,-143.62680210431492
1976-02-01,-50.463784,55.9,54492.5311894625,54565,13.26,13.26,41.84017,2.491009542150735,1.0841496192317113,-143.8812395403337
1976-03-01,-32.73254,56,55919.6398405496,55927,13.51,13.51,41.97124,2.5852007402324517,0.31277389761630303,-142.19215387630416
1976-04-01,-29.141814,56.1,55197.9925575955,54905,13.39,13.39,42.45435,-1.2989071373633365,1.1444759183449005,-143.26276528255696
1976-05-01,-19.545964,56.4,55675.0975144407,55140,13.41,13.41,42.86903,0.8606378724579145,0.9720272802992369,-143.64684612104261
1976-06-01,-16.415709,56.7,57360.8858649319,56950,13.48,13.48,42.86155,2.9829675485290252,-0.01745001612953878,-143.65671052495455
1976-07-01,-21.723309,57,57450.5427774659,57293,13.51,13.51,43.07038,0.15618119523264085,0.4860368226390577,-143.96211158624425
1976-08-01,-24.205486,57.3,58024.908127607,57699,13.58,13.58,43.109610000000004,0.9947916761204212,0.09104202195824307,-143.9702501590144
1976-09-01,-24.936399,57.6,58636.0863869442,58596,13.47,13.47,43.54618,1.0477946866611632,1.0076042088288162,-145.30575772795729
1976-10-01,-21.023552,57.9,60037.2753394389,60391,13.49,13.49,43.59222,2.361530927845834,0.1056709884142304,-145.6768714359285
1976-11-01,-19.592315,58.1,60273.2999368559,60955,13.58,13.58,44.03595,0.39235935771504415,1.0127651707227958,-145.35675417273154
1976-12-01,-35.992374,58.4,61799.2100416232,62462,13.71,13.71,44.20273,2.50013633267816,0.37802061093059613,-144.91903962599582
1977-01-01,-49.372298,58.7,56848.6805331638,56833,14.11,14.11,44.39975,-8.349757157567339,0.4447286909522674,-142.55559609693282
1977-02-01,-45.281339,59.3,60572.3297457979,60649,14.5,14.5,44.43105,6.3445173636441865,0.07047105574944368,-140.8460656577151
1977-03-01,-45.617324000000004,59.6,61135.0615922577,61144,14.54,14.54,44.68892,0.9247357130410805,0.5787046823958253,-141.07521019659308
1977-04-01,-43.736517,60,60475.9667283004,60186,14.36,14.36,44.66613,-1.0839499121011897,-0.051009988790040595,-142.98979986020225
1977-05-01,-35.986923,60.2,58798.3052835406,58262,14.62,14.62,44.81815,-2.813300917337358,0.3397695019670799,-141.5281897993143
1977-06-01,-40.760559,60.5,59571.315972755,59158,14.63,14.63,44.83628,1.3061149815367656,0.04044418161406327,-141.9569150004763
1977-07-01,-44.555116,60.8,58187.6000580864,58028,14.44,14.44,44.60905,-2.350190797986329,-0.5080879881258493,-143.75876555074413
1977-08-01,-47.259747,61.1,59178.9217361867,58854,14.68,14.68,44.89521,1.6893152118642618,0.6394354303052907,-142.60258429911804
1977-09-01,-47.417903,61.3,60134.163908208,60089,14.5,14.5,45.0286,1.6012704350897522,0.29667359031213536,-144.1631193515637
1977-10-01,-33.186706,61.6,59606.7671721116,59961,14.56,14.56,44.99986,-0.8809020303775839,-0.06384647916068964,-144.23838277709342
1977-11-01,-33.665316,62,60432.6365885251,61113,14.61,14.61,45.01122,1.376018909682486,0.02524133708945442,-144.54281592824836
1977-12-01,-38.235341,62.3,61691.5486936255,62350,14.76,14.76,45.37497,2.0617647479308943,0.8048839402508001,-144.0040606621081
1978-01-01,-38.706701,62.7,56720.3736570077,56705,14.52,14.52,45.28913,-8.401347740900178,-0.18935835826838776,-146.2834438242225
1978-02-01,-39.015388,63,58129.3365383451,58208,14.41,14.41,45.13367,2.453699828672562,-0.343851668322781,-147.52123163801022
1978-03-01,-39.47966,63.4,58709.6898145615,58717,14.57,14.57,45.48467,0.9934318476958026,0.7746814946790082,-147.04992412360667
1978-04-01,-40.096569,63.9,59898.0386062791,59610,14.4,14.4,46.52699,2.003897340300931,2.2657228207786595,-149.0091154801534
1978-05-01,-22.993335,64.5,59130.0607664268,58596,14.51,14.51,46.19706,-1.2904322608550345,-0.7116414617259093,-149.18271569056301
1978-06-01,-17.427541,65,60395.3302630101,59981,14.54,14.54,46.45106,2.11723509183237,0.54831255371063925,-149.74837977902638
1978-07-01,-26.029458,65.5,59711.3190681546,59555,14.49,14.49,46.60526,-1.1390186867121344,0.3314125061832929,-150.8591386308615
1978-08-01,-26.469647,65.9,60677.4730918533,60357,14.46,14.46,46.90024,1.605090887500893,0.6309382411812781,-151.6752224777843
1978-09-01,-14.202043,66.5,62526.0386999211,62477,14.53,14.53,47.25621,3.0010578745923056,0.7561281165272771,-152.0986470079617
1978-10-01,-18.237698,67.1,62548.9053456055,62906,14.63,14.63,47.41009,0.03656471104367398,0.32510013707076624,-152.3109828945603
1978-11-01,-4.2133692,67.5,62373.2647171049,63054,14.74,14.74,47.7097,-0.28120027718099294,0.6299656272397147,-152.15627111172935
1978-12-01,-7.2139832,67.9,61037.1220703667,61691,14.94,14.94,48.44259,-2.165449591077895,1.5244653945303277,-151.39938548599793
1979-01-01,-16.490657,68.5,60162.134037992,60148,15.5,15.5,47.5531,-1.4439085888833247,-1.8532404065210617,-148.59937213429785
1979-02-01,-11.037431,69.2,60392.9069563924,60473,15.88,15.88,48.01445,0.3828511829556902,0.9655025872207457,-147.19404068046342
1979-03-01,6.8645026,69.9,61629.274066876504,61633,16.41,16.41,48.24409,2.0265322464641855,0.4771325965604589,-144.91747441377652
1979-04-01,8.8449913,70.6,63159.5465343394,62870,17.58,17.58,48.3018,2.452702371540383,0.11954938086602418,-139.02682522421654
1979-05-01,28.650797,71.4,63198.7742734277,62667,19,19,48.65648,0.06208968289183048,0.7316169017405283,-132.38588901790982
1979-06-01,45.937376,72.2,63336.0616046743,62919,21.03,21.03,48.85663,0.2169953976141059,0.4105094813896315,-123.34900561841722
1979-07-01,53.965294,73,63703.8003865343,63552,23.09,23.09,48.96999,0.5789360964525869,0.23175706313742772,-115.10598177819871
1979-08-01,36.871668,73.7,63741.5199918906,63425,23.98,23.98,49.1261,0.05919339579616434,0.318280028868978,-112.27826495959228
1979-09-01,43.44171,74.4,63239.5901658528,63183,25.06,25.06,49.02059,-0.7905623751167212,-0.21500478649891797,-108.81829923711241
1979-10-01,43.370703,75.2,63271.7628708525,63629,25.05,25.05,49.24184,0.050861373182620184,0.450325468033963,-109.92774034249204
1979-11-01,48.883319,76,63274.4260103489,63954,27.02,27.02,49.47119,0.0042089604125550295,0.4646811321530553,-103.41560077542782
1979-12-01,35.07375,76.9,62838.7686994413,63490,28.91,28.91,49.64069,-0.6909016061312556,0.3420380387262778,-97.83183204833436
1980-01-01,34.453892,78,62355.635394757,62348.011,30.75,30.75,49.81555,-0.7718167701444401,0.3516323966637813,-93.08188324370649
1980-02-01,39.811438,79,62629.9092622116,62715.757,32.4,32.4,49.9913,0.43888964675389275,0.3521806001370642,-89.1289429668738
1980-03-01,41.791067,80.1,61645.0114577872,61647.494,33.42,33.42,50.01566,-1.585063855738511,0.04871661028746921,-87.41213309070658
1980-04-01,60.125079,80.9,60683.4120039596,60391.36,33.54,33.54,49.37711,-1.5721926822857668,-1.2849199905842212,-88.04750676693833
1980-05-01,63.284364,81.7,60308.5291301119,59778.782,34.33,34.33,48.7445,-0.619684369034168,-1.2894585919099644,-86.70343943963566
1980-06-01,56.526424,82.5,60429.8544645928,60008.624,34.48,34.48,48.58969,0.20097233655889113,-0.31810020824254437,-87.2418847545143
1980-07-01,44.415864,82.6,59757.2461147894,59608.899,34.51,34.51,48.33154,-1.1192804693921587,-0.5327018868058531,-87.27605434170202
1980-08-01,53.171852,83.2,59760.3363328063,59446.012,34.44,34.44,48.28743,0.005171152150573732,-0.0913071275020716,-88.2028668267633
1980-09-01,54.423749,83.9,58362.9176995254,58297.803,34.46,34.46,48.2429,-2.3661451611486584,-0.09226116425522513,-88.98263823733771
1980-10-01,54.311337,84.7,55486.2816549065,55842.496,34.63,34.63,48.52185,-5.0544904446294225,0.5765545257466975,-89.43952432436781
1980-11-01,64.139789,85.6,55992.1375542144,56668.926,35.09,35.09,48.96902,0.907546725048114,0.9173641305845859,-89.17690935525725
1980-12-01,67.780448,86.4,57400.5367298593,58047.975,35.63,35.63,48.98382,2.4842373915783256,0.030218623804323386,-88.57996961922653
1981-01-01,63.474527,87.2,57893.3232654494,57891.773,38.85,38.85,48.84544,0.8548409021667425,-0.28290123484833174,-80.84962541012776
1981-02-01,61.288267,88,58066.3740493966,58156.649,39,39,49.08242,0.29846734067042746,0.4839898729473102,-81.377516834856
1981-03-01,49.768368,88.6,58808.8342130917,58809.342,38.31,38.31,48.90804,1.2705348934083815,-0.35591257368938756,-83.84208988984776
1981-04-01,45.42025,89.1,58097.7292816162,57803.815,38.41,38.41,48.84839,-1.216550517715831,-0.12203802328545343,-84.14414921189503
1981-05-01,35.35365,89.7,57520.6653269201,56994.195,37.84,37.84,48.88957,-0.998229993592048,0.08426613863590227,-86.31040248810727
1981-06-01,40.611583,90.5,56735.1855256986,56310.517,37.03,37.03,49.10569,-1.3749705948352897,0.4410832736041925,-89.362145578035907
1981-07-01,32.264867,91.5,55159.0450295495,55016.126,36.58,36.58,49.41044,-2.817383423678521,0.6186823864687607,-91.68373293187561
1981-08-01,14.673851,92.2,54389.5823752504,54079.566,35.82,35.82,49.12795,-1.4048104972065545,-0.573361862092403,-94.54537339299823
1981-09-01,12.602142,93.1,54259.3947801233,54190.514,35.44,35.44,49.28484,-0.23964819705195595,0.31884094112437644,-96.58330585461411
1981-10-01,15.137523,93.4,54197.0083853594,54556.342,35.43,35.43,49.30048,-0.11504420176926544,0.03172886212916559,-96.93324263574164
1981-11-01,14.172218,93.8,53305.7590740118,53982.612,36.21,36.21,49.08788,-1.6581335576299594,-0.43216561570691425,-95.18295322346292
1981-12-01,7.2301334,94.1,54306.6657156457,54949.157,35.95,35.95,48.72423,1.860260109617684,-0.743571885962302,-96.22289624242781
1982-01-01,2.656459,94.4,54694.7007742667,54696.333,35.54,35.54,48.50826,0.7119850150751006,-0.4442349572061577,-97.68822504249498
1982-02-01,-6.6825195,94.7,53967.0511131152,54057.656,35.48,35.48,48.70739,-1.339313098463002,0.4096671235445992,-98.1744842750654
1982-03-01,2.5453034,94.7,52241.8855483471,52235.578,34.07,34.07,48.73837,-3.2489117491730113,0.06358409240947438,-102.22967685191573
1982-04-01,10.493798,95,51236.1916641468,50937.234,32.82,32.82,48.59574,-1.9438427502441513,-0.29307321367544326,-106.2838805938596
1982-05-01,7.3492415,95.9,52308.6667326278,51782.807,32.78,32.78,48.33593,2.0715918475103123,-0.5360696296289991,-107.3487408573709
1982-06-01,-16.991027,97,54154.3509044205,53723.825,33.79,33.79,48.06202,3.467625008418196,-0.5682916227412349,-105.45460777771842
1982-07-01,-41.288015,97.5,53440.079221098,53304.037,33.44,33.44,47.848,-1.32773076732704,-0.44629404776377335,-107.00995897873007
1982-08-01,-43.630596,97.7,53529.6231735398,53226.077,32.95,32.95,47.62295,0.16741931846624425,-0.4714531841259362,-108.69102981002207
1982-09-01,-27.823693,97.7,53150.8623293788,53081.15,33.03,33.03,47.73643,-0.7100875738947465,0.23800501548687514,-108.44853196460387
1982-10-01,-27.254672,98.1,54433.2288889285,54797.282,33.28,33.28,47.0841,2.3840463444534166,-1.375947364415353,-108.10307506183095
1982-11-01,-24.65845,98,54706.8488703368,55385.984,33.09,33.09,47.00177,0.5014116909036304,-0.17501038362888188,-108.5736356737051
1982-12-01,-19.904475,97.7,53614.6370787091,54251.558,32.85,32.85,46.8316,-2.0166798833393784,-0.3627071830800688,-108.99498141181176
1983-01-01,-17.872343,97.9,52759.8794575696,52762.757,31.4,31.4,47.39715,-1.60710675088378,1.200391156645475,-113.71386566222571
1983-02-01,-12.995037,98,49721.7758271951,49812.05,30.76,30.76,47.12232,-5.930806055376259,-0.5815326186588532,-115.87523340331288
1983-03-01,-10.103032,98.1,50747.1463975571,50735.958,28.43,28.43,47.46125,2.0412405160135094,0.71668145051067,-123.8542440908409
1983-04-01,-7.4120961,98.8,51258.5893624765,50958.936,27.95,27.95,47.79528,1.0027813570827604,0.7013301222355217,-126.26804051527141
1983-05-01,-7.6157471,99.2,53183.1890367714,52658.767,28.53,28.53,47.95616,3.6859149568803318,0.3360370379583699,-124.61818490654184
1983-06-01,-22.550586,99.4,53307.7800678632,52868.746,29.23,29.23,48.25271,0.23399371606291908,0.6164731779330079,-122.3956534539374
1983-07-01,-33.803461,99.8,54782.4086597406,54651.57,28.76,28.76,48.3844,2.7286844538824795,0.272545570779803,-124.41826504645721
1983-08-01,-34.845127,100.1,54796.5486741711,54498.585,29.5,29.5,48.8524,0.025807901175411985,0.9626059553055732,-122.17794229754007
1983-09-01,-31.825648,100.4,55223.5041632946,55152.519,29.54,29.54,49.35585,0.7761451143331044,1.0252792615774275,-122.34169301543952
1983-10-01,-28.854997,100.8,54525.0588358487,54891.545,29.67,29.67,49.54048,-1.27282715666297,0.37338132668707225,-122.30019213345378
1983-11-01,-21.475653,101.1,54580.0561501147,55259.509,29.09,29.09,49.89092,0.10081528978957977,0.7048909117810531,-124.57156535193154
1983-12-01,-31.796211,101.4,53822.2096523376,54454.589,29.3,29.3,50.2986,-1.3982343248700957,0.8138221444187188,-124.14855751340612
1984-01-01,-29.928334,102.1,54563.7467020582,54571,28.8,28.8,50.7394,1.3683481604674697,0.872548539471385,-126.55773380287197
1984-02-01,-23.295822,102.6,54477.0275312013,54571,28.91,28.91,51.00476,-0.15905827842779274,0.5216232591300329,-126.66503767084143
1984-03-01,-19.045257,102.9,54202.4586409974,54190,28.95,28.95,50.91965,-0.5052829821790894,-0.16700615638929328,-126.81874388209997
1984-04-01,-15.071763,103.3,55077.6858774167,54780,29.11,29.11,50.99887,1.6018389336050376,0.15545754776318255,-126.6555618368061
1984-05-01,-15.70458,103.5,54754.5463872998,54231,29.26,29.26,51.62151,-0.5884254846336034,1.213497047433476,-126.33502171134454
1984-06-01,-24.555646,103.7,55891.0369635959,55441,29.19,29.19,51.33083,2.054362247473307,-0.5646899767806524,-126.76759303694583
1984-07-01,-29.442862,104.1,54661.029979829,54532,29,29,51.91214,-2.225300304643696,1.1261127864218068,-127.8056145634449
1984-08-01,-28.592176,104.4,53369.0843665639,53074,28.92,28.92,52.30018,-2.3919389848062522,0.7447138560695343,-128.36962781579743
1984-09-01,-25.44654,104.7,53476.7698018384,53402,28.7,28.7,52.22195,0.20157164276355388,-0.14969081592144384,-129.4201995110916
1984-10-01,-24.17285,105.1,53461.341789953,53829,28.79,28.79,52.348,-0.02885409469595146,0.24108276048933064,-129.4884173258821
1984-11-01,-16.62569,105.3,53208.7261024261,53888,28.74,28.74,52.42436,-0.4736401968660431,0.14576366041616495,-129.8523538489051
1984-12-01,-19.781774,105.5,52964.3082967587,53594,28.02,28.02,52.71935,-0.4604149044402206,0.5611192034051804,-132.57924120072605
1985-01-01,-23.335236,105.7,52562.8519655625,52576,27.49,27.49,52.84401,-0.7608624489234828,0.23618054208847106,-134.6782590699038
1985-02-01,-27.663079,106.3,53954.3567484769,54053,26.99,26.99,53.0092,2.6128809899274685,0.31211171413336736,-137.0798858317989
1985-03-01,-25.931112,106.8,54353.8435995836,54341,27.2,27.2,53.28333,0.7376886725895204,0.5158040885424153,-136.77409532241427
1985-04-01,-20.946066,107,54194.4419358239,53898,27.59,27.59,53.09844,-0.29369745925382773,-0.34759749938277906,-135.53754462327115
1985-05-01,-24.966652,107.2,53041.9226491532,52518,27.6,27.6,53.58389,-2.149576161576583,0.9100913912881925,-135.68804759135972
1985-06-01,-34.469144,107.5,51529.3619759854,51066,27.25,27.25,53.54256,-2.8930813601730776,-0.07716115310572036,-137.24373264584645
1985-07-01,-50.211918,107.7,52144.5373085632,52016,26.57,26.57,53.59588,1.186764570380916,0.09953477837103542,-139.95668243906206
1985-08-01,-57.669155,107.9,52169.3448846429,51879,26.61,26.61,53.68348,0.047563327192534643,0.16331197253540708,-139.99177872744912
1985-09-01,-50.11739,108.1,53868.0259364743,53790,26.56,26.56,53.77346,3.204203143373441,0.16747177247076195,-140.36504000369294
1985-10-01,-37.04491,108.5,55079.8735934863,55449,26.79,26.79,53.88151,2.224728782598362,0.200733948988141,-139.8721489423997
1985-11-01,-36.222442,109,55298.4386063593,55978,27.12,27.12,54.19878,0.396029426759803,0.5871022576431351,-139.1076419156949
1985-12-01,-36.069478,109.5,55570.6879302349,56199,26.21,26.21,54.09607,0.49111935774579507,-0.18968590066195112,-142.97835319212405
1986-01-01,-37.821055,109.9,55358.6167525009,55379,24.93,24.93,54.40969,-0.38235421506431777,0.5780723038970592,-148.34989638741092
1986-02-01,-51.771735,109.7,55261.2515104553,55363,18.11,18.11,54.23668,-0.17603576774760654,-0.3184830680285078,-180.12850953858626
1986-03-01,-55.411771,109.1,54839.4586087769,54824,14.22,14.22,54.14936,-0.7661984463151583,-0.1611277963320834,-203.761546846393
1986-04-01,-61.572882,108.7,55164.4582117,54867,13.15,13.15,54.47375,0.5908890481890694,0.5972779905851322,-211.21700355033903
1986-05-01,-66.407466,109,56585.7864467027,56062,13.17,13.17,54.13272,2.5438957891363856,-0.6280125315746954,-211.34063664739543
1986-06-01,-69.366037,109.4,57325.5634377566,56852,12.25,12.25,54.4163,1.2988826704267709,0.5224932388008252,-218.9484952997145
1986-07-01,-80.989334,109.5,58115.000140869,57990,10.91,10.91,54.71213,1.367715099263478,0.5421698537316111,-230.62447494115764
1986-08-01,-78.323393,109.6,59000.4656843811,58718,11.87,11.87,54.4311,1.512152831054081,-0.514975818612351,-222.28231658923386
1986-09-01,-54.281235,110,54814.4995410095,54733,12.85,12.85,54.88353,-7.359058770961013,0.827762182126035,-214.71365544511875
1986-10-01,-48.83125,110.2,54673.6866364448,55042,12.78,12.78,55.02226,-0.25722041275582086,0.2524527118724862,-215.44154477694252
1986-11-01,-51.148772,110.4,55217.547963693,55895,13.46,13.46,54.99626,0.9898255664197109,-0.04726477048411226,-210.43878096264132
1986-12-01,-60.137183,110.8,55488.1128451788,56113,14.17,14.17,55.36692,0.4888014184979639,0.6717120577198976,-205.65997206105942
1987-01-01,-46.538552,111.4,55449.7097145087,55477,16.45,16.45,54.7378,-0.06923361450237309,-1.1427790681710626,-191.28018502818028
1987-02-01,-41.808326,111.8,54645.4626542894,54751,16.98,16.98,55.975,-1.461029306050854,2.2350649668964273,-188.46753798377975
1987-03-01,-35.097541,112.2,54037.1867860187,54022,17.26,17.26,55.8449,-1.1193731893456516,-0.23269571642385856,-187.18913074333142
1987-04-01,-25.198798,112.7,54905.8162045853,54610,17.89,17.89,56.16184,1.5946830956572455,0.5659317393026164,-184.0487523525103
1987-05-01,-19.44862,113,55904.123004111,55381,18.25,18.25,56.4049,1.8018849523331326,0.4318511449231899,-182.322273868384
1987-06-01,-30.734563,113.5,55682.9118318612,55200,18.71,18.71,56.56957,-0.39648237334795056,0.2915173961286044,-180.2744696635459
1987-07-01,-33.676682,113.8,57788.1204084362,57665,19.26,19.26,56.70404,3.710991479886161,0.2374252275849642,-177.6412115322251
1987-08-01,-18.791456,114.3,58667.2458422955,58390,19.32,19.32,56.92057,1.5098353344678017,0.38113268263506583,-177.7685742016393
1987-09-01,-22.336963,114.7,57874.2348137969,57787,18.57,18.57,57.32174,-1.3609287674050563,0.7023171169636022,-182.07726487707106
1987-10-01,-17.333478,115,57646.116174745,58012,18.53,18.53,58.01603,-0.3949415555160485,1.2039393275077082,-182.55410880659815
1987-11-01,-12.319516,115.4,56867.002372399,57541,18.14,18.14,58.33344,-1.3607625648575095,0.5456162154123589,-185.02849093870086
1987-12-01,-5.1278761,115.6,56992.0222881606,57612,17.2,17.2,58.50161,0.21960484270451275,0.287876140146448,-190.52265724188698
1988-01-01,2.8897441,116,56720.8995900137,56755,15.45,15.45,58.99343,-0.47685558936727546,0.8371806546358052,-201.59811877626103
1988-02-01,14.140176,116.2,56772.1292346383,56884,15.43,15.43,59.25194,0.09027805255445998,0.437244032226225,-201.89991780427414
1988-03-01,19.236136,116.5,57294.2734663549,57284,14.73,14.73,59.39683,0.9155156406961851,0.24423358459166877,-206.80050425312163
1988-04-01,11.696781,117.2,57926.0490826857,57635,15.62,15.62,59.49458,1.0966501985153698,0.1644358024278425,-201.53297327313723
1988-05-01,5.2496519,117.5,57780.379017893,57259,15.93,15.93,59.54889,-0.25179265170613974,0.09124398636561892,-199.82342096622565
1988-06-01,-5.0597724,118,57512.8337549231,57022,15.5,15.5,59.88502,-0.4641136052715211,0.5628734543766001,-202.98446005404637
1988-07-01,-11.415898,118.5,57450.8095994653,57327,14.81,14.81,59.77051,-0.1079022196337931,-0.19139948643873694,-207.96103322954784
1988-08-01,-9.3464809,119,58734.2295527803,58457,14.32,14.32,60.24456,2.2093587405180415,0.7899882329428287,-211.74663315790298
1988-09-01,-4.7962054,119.5,59039.9714373392,58944,13.84,13.84,60.4902,0.5192012661717982,0.4069090607077719,-215.5753421182042
1988-10-01,-1.8845673,119.9,60161.5615172568,60523,13.05,13.05,60.49863,1.8818938868959023,0.013935170732093383,-221.78699282647662
1988-11-01,7.8944076,120.3,60337.5304496437,61008,12.66,12.66,60.89434,0.2920670265703862,0.6519510999765998,-225.15412062646033
1988-12-01,11.367863,120.7,60623.0157874619,61238,14.11,14.11,61.43759,0.47203138011955303,0.8881631657600586,-214.6424362238763
1989-01-01,17.83704,121.2,58353.0009801973,58396,16.04,16.04,61.43007,-3.8163831352671096,-0.012240812609931595,-202.2356471196846
1989-02-01,12.276341,121.6,57796.9431130166,57918,16.61,16.61,61.16666,-0.9574901128686975,-0.4297184848886637,-199.07320459068632
1989-03-01,17.599691,122.2,58338.2184779544,58335,17.77,17.77,61.66608,0.9321540123623961,0.8131753016764165,-192.8147404570935
1989-04-01,17.034534,123.1,59062.8257927497,58777,19.59,19.59,62.0586,1.2344294221147578,0.6345077100281316,-183.79778012339585
1989-05-01,21.59303,123.7,59154.9333320597,58636,19.05,19.05,61.59916,0.15582693942075565,-0.7430865868867542,-187.0792177825732
1989-06-01,3.1831695,124.1,59220.4993440941,58724,18.27,18.27,62.2481,0.11077639550212126,1.0479778707793486,-191.58273218206463
1989-07-01,1.1075569,124.5,59311.9151548578,59189,17.99,17.99,61.86414,0.15424612630177137,-0.6187322457902766,-193.44896679423206
1989-08-01,2.4909327,124.5,60283.7574719526,60005,17.23,17.23,62.12768,1.6252489539132497,0.4250931986585549,-197.7653665364924
1989-09-01,3.9693187,124.8,60248.4016520018,60142,17.62,17.62,62.09208,-0.058666203645252324,-0.05731777452258058,-195.76778354272938
1989-10-01,10.678769,125.4,60228.7266972684,60582,18.29,18.29,62.00571,-0.032661726217853015,-0.1391966995474725,-192.51541657960462
1989-11-01,18.222814,125.9,60774.0279694982,61437,18.32,18.32,62.2865,0.9013099994840346,0.45182313144183084,-192.74945818043173
1989-12-01,14.638326,126.3,60453.5857127548,61060,20.05,20.05,62.76772,-0.5286633850705158,0.7696219692409301,-184.0430875603867
1990-01-01,16.570859,127.5,60695.4932511913,60749,20.51,20.51,62.51869,0.3993556732091008,-0.397537654665836,-182.72037925141916
1990-02-01,13.137958,128,60872.1342057743,61006,19.78,19.78,62.77295,0.290605455730919,0.4058696159386699,-186.7358937725051
1990-03-01,12.587688,128.6,61826.0665422984,61832,18.94,18.94,63.03803,1.5549560653370875,0.42139468631390287,-191.54307240455864
1990-04-01,2.7530221,128.9,61744.9754394327,61465,16.66,16.66,62.39232,-0.1312461450604374,-1.029600418361376,-204.6026273206445
1990-05-01,-6.1490919,129.1,61370.6285631884,60855,16.07,16.07,63.09237,-0.6081244257156726,1.1157652182224531,-208.36331181031755
1990-06-01,-14.975937,129.9,60559.5833997234,60059,15.15,15.15,63.31662,-1.3303628565532577,0.3548010869248053,-214.87643917211759
1990-07-01,-24.955904,130.5,60289.3370329847,60169,16.54,16.54,63.30716,-0.4472473833438073,-0.014941901146237058,-206.55915371672032
1990-08-01,-15.938864,131.6,56825.7164458177,56545,24.26,24.26,63.65352,-5.916627854682233,0.5456190991756316,-169.09381153753128
1990-09-01,-18.534327,132.5,59183.6983285083,59067,29.88,29.88,63.78128,4.065716030469879,0.20051044581901323,-148.93932851616606
1990-10-01,-14.516975,133.4,59092.0113665283,59437,32.88,32.88,63.73842,-0.15503940848411446,-0.06722098877887106,-140.0487563293544
1990-11-01,-9.5523064,133.7,59616.5624019091,60271,30.19,30.19,63.43197,0.8837684303349747,-0.48195274573092917,-148.808774038915
1990-12-01,-0.27462187,134.2,59924.9372305948,60522,25.56,25.56,63.30069,0.5159304738038273,-0.2071763457922593,-165.83025950282473
1991-01-01,0.3537392,134.7,60272.0105162319,60336,22.3,22.3,63.42898,0.5775092575413865,0.20246252329521042,-179.84634049502452
1991-02-01,10.110853,134.8,59873.4769885751,60020,18.3,18.3,62.98373,-0.6634206538151943,-0.704441572762704,-199.68911386308315
1991-03-01,18.052149,134.8,60239.6531578805,60252,17.58,17.58,62.73341,0.609720691268123,-0.39822784834120384,-203.7030306221176
1991-04-01,10.601066,135.1,59230.562117236,58954,18.32,18.32,63.18939,-1.689316514566741,0.7242246726026913,-199.8021885720169
1991-05-01,14.437539,135.6,59270.9199317177,58757,18.36,18.36,63.47475,0.06811360557570367,0.4505781711904078,-199.95349903139507
1991-06-01,16.622844,136,59482.629510469,58978,17.78,17.78,63.57452,0.3565532214146572,0.1570572117549851,-203.45806556502936
1991-07-01,8.150882,136.2,60048.3122835933,59931,18.14,18.14,63.65673,0.9465114017251253,0.12922927573377763,-201.60049490284214
1991-08-01,2.9908794,136.6,59458.1460675711,59177,18.71,18.71,63.62811,-0.9876805350600648,-0.044970006612476965,-198.79988068506913
1991-09-01,6.1006609,137,60251.8211096138,60127,19,19,63.81704,1.3260160205033955,0.2964885496227865,-197.55419466616843
1991-10-01,10.444299000000001,137.2,59834.7673147207,60174,19.86,19.86,63.99663,-0.6945912563898204,0.2810186393793934,-193.27320566747582
1991-11-01,11.043454,137.8,59754.2225279042,60401,19.35,19.35,64.01737,-0.13470269980775385,0.03240270623745545,-196.31109391037674
1991-12-01,5.6045318,138.2,60230.535611342,60818,17.17,17.17,63.50617,0.7939601545148278,-0.8017386252928915,-208.55382364241854
1992-01-01,2.7313052,138.3,59678.0358417657,59751.576,16.1,16.1,63.77747,-0.9215415927503301,0.4262926655002275,-215.0605966680295
1992-02-01,-10.622047,138.6,59456.8755225852,59615.598,16,16,64.2192,-0.37127752176093765,0.6902238217596057,-215.90033645160216
1992-03-01,-17.948069,139.1,58477.5621871283,58495.335,16.36,16.36,64.16077,-1.6608140331726418,-0.09102666722000663,-214.03537677547965
1992-04-01,-21.76258,139.4,58604.8375331032,58332.507,17.37,17.37,64.29314,0.21741166291882053,0.20609734161416426,-208.260291807341
1992-05-01,-14.093852,139.7,58630.9021283398,58119.599,18.79,18.79,64.10289,0.0444652726912409,-0.29634894355465846,-200.6172452837542
1992-06-01,-22.096987,140.1,58527.3478835658,58019.311,19.83,19.83,64.19169,-0.1767767472300008,0.13843143518732504,-195.51605108112568
1992-07-01,-31.522491,140.5,58626.9995453259,58512.1,19.74,19.74,64.49243,0.17012033779462143,0.4674089507313184,-196.2560454768465
1992-08-01,-31.473381,140.8,58806.0332619986,58524.788,19.25,19.25,64.07045,0.3049122569711571,-0.6564593378671546,-198.98293829901488
1992-09-01,-32.838355,141.1,59201.2358356143,59067.119,19.26,19.26,64.41599,0.6697961136191921,0.537863502219782,-199.14384524887888
1992-10-01,-32.242973,141.7,59148.8531125335,59481.751,19.34,19.34,64.52534,-0.08852165125858846,0.16961206498349313,-199.15366566714866
1992-11-01,-19.475003,142.1,58619.5709179834,59258.128,18.4,18.4,64.48543,-0.8988585225633727,-0.06187080547332968,-204.41803704881153
1992-12-01,-7.6687051,142.3,58799.1472724797,59375.215,16.94,16.94,64.11614,0.30587370952694926,-0.574318050795597,-212.82598158718983
1993-01-01,-12.289305,142.8,59004.079792594,59086.007,16.8,16.8,64.61293,0.347923791134086,0.7718419255438036,-214.00661634962708
1993-02-01,-10.124276,143.1,59488.2668049857,59658.592,17.41,17.41,65.0715,0.8172506008872205,0.7072119779919284,-210.64989327823076
1993-03-01,-2.0042459,143.3,58468.4365213364,58493.128,17.82,17.82,65.01488,-1.7292034564603043,-0.08704985652672192,-208.46189127914633
1993-04-01,2.0286637,143.8,58537.6890197766,58271.308,18.35,18.35,65.19953,0.11837415555220332,0.283609354399772,-205.8793870786367
1993-05-01,8.1110594,144.2,58739.4082785285,58231.92,17.89,17.89,65.38712,0.3440048608407409,0.2873036853857869,-208.6959327330221
1993-06-01,4.7749243,144.3,58436.7884839654,57926.726,16.8,16.8,65.15742,-0.5165220850926744,-0.3519109065040382,-215.05155793706118
1993-07-01,-6.7066076,144.5,58565.3316260612,58453.367,15.81,15.81,65.16644,0.21972797363414287,0.013842438390643252,-221.26368563311064
1993-08-01,-6.0217713,144.8,58472.6627956601,58191.807,15.64,15.64,65.08855,-0.1583568656048584,-0.11959620016712691,-222.5521744834451
1993-09-01,-3.8512743,145,58795.2026463049,58650.565,15.32,15.32,65.33089,0.5500921548636128,0.37163214151814117,-224.75745781081292
1993-10-01,-7.3957283,145.6,58916.1337976142,59241.807,15.59,15.59,65.33345,0.20547076859109836,0.003918437119665441,-223.42334526929002
1993-11-01,-12.973014,146,58898.1267097727,59528.632,14.05,14.05,65.52763,-0.030568605029834828,0.2967729481044401,-234.09842259285818
1993-12-01,-18.147081,146.3,58822.1229362782,59386.583,12.56,12.56,65.91041,-0.12912610070650032,0.5824509892990548,-245.5142146986026
1994-01-01,-18.629377,146.3,60895.2120618929,60983.784,12.93,12.93,65.88412,3.4636527395011996,-0.03989543473270629,-242.61091152423126
1994-02-01,-24.704441,146.7,60113.4319453592,60293.444,12.9,12.9,66.10151,-1.2921242114341425,0.32941494704008534,-243.11623737813096
1994-03-01,-25.329381,147.1,60144.4000140397,60176.54,13.18,13.18,66.62017,0.05150279006436165,0.7815793776320135,-241.24120985330305
1994-04-01,-13.102568,147.2,60212.9487402653,59953.023,14.54,14.54,67.05152,0.11390868002170151,0.6453894571722074,-231.48887341894024
1994-05-01,-0.19998409,147.5,60627.6144609379,60124.032,15.74,15.74,67.39914,0.6863048918326342,0.5170979072689263,-223.7622932790617
1994-06-01,-9.5285598,147.9,61059.8183515285,60548.355,17.04,17.04,67.90386,0.710353892800164,0.7460623062240046,-216.09728483155845
1994-07-01,-5.546837,148.4,60538.127345092,60429.972,17.52,17.52,68.06166,-0.8580641791938959,0.2321177764045501,-213.65682452250346
1994-08-01,-0.29991856,149,59873.0770880623,59594.196,16.66,16.66,68.771,-1.1046430816813668,1.0368085431168517,-219.09356692067627
1994-09-01,3.3790758,149.3,60792.7498127227,60638.024,15.91,15.91,69.021960000000007,1.5243595584513159,0.36425703821834077,-223.90098621954496
1994-10-01,19.71964,149.4,60881.5473982164,61200.49,16.27,16.27,69.5345,0.1459595054894791,0.7398317448717329,-221.73043514677704
1994-11-01,22.563893,149.8,60612.4929146666,61236.392,16.46,16.46,70.13919,-0.4429104879431378,0.8658664032147989,-220.83678758341955
1994-12-01,29.331454,150.1,61171.669588083,61725.536,15.78,15.78,70.92906,0.9183141576663445,1.1198526310271184,-225.2558423221688
1995-01-01,30.430983,150.5,61169.6453987125,61262.299,16.56,16.56,70.68312,-0.0033090855216855175,-0.3473433531873127,-220.69729352318168
1995-02-01,28.986534,150.9,61527.7198852681,61715.787,17.21,17.21,70.82322,0.5836726848718499,0.19801239404024784,-217.11267555503554
1995-03-01,38.806854,151.2,61151.7562623042,61191.26,17.21,17.21,70.77904,-0.6129220824309556,-0.06240013603386885,-217.31128535219844
1995-04-01,41.363649,151.8,61869.7231673096,61615.743,18.7,18.7,71.09824,1.1672352825895516,0.4499670963117097,-209.40403411009885
1995-05-01,40.935478,152.1,61639.2607015551,61138.536,18.56,18.56,70.81934,-0.37319185375892516,-0.39304553959889077,-210.35294719071928
1995-06-01,29.472776,152.4,61239.9138079873,60726.011,17.43,17.43,71.17081,-0.6499853227873942,0.49506352073258597,-216.8315783720616
1995-07-01,27.699356,152.6,61854.4747731846,61750.147,16.5,16.5,71.0905,0.9985281677735713,-0.11290491916779999,-222.44597379438216
1995-08-01,33.536791,152.9,61972.5605044972,61697.484,16.54,16.54,71.53848,0.19072695529569472,0.6281773495567577,-222.40024233394715
1995-09-01,29.719638,153.1,62126.2938637485,61961.527,16.71,16.71,71.54795,0.24775964077150547,0.013236754895373792,-221.50839600563356
1995-10-01,13.813481,153.5,61147.6812773573,61460.513,16.29,16.29,71.54622,-1.587736817045915,-0.002417988098457613,-224.3149144413298
1995-11-01,10.171973,153.7,61580.8710202035,62199.158,16.52,16.52,71.91492,0.7059344116949973,0.5140079212626603,-223.04308824517182
1995-12-01,8.2569113,153.9,61582.3463843029,62126.263,17.53,17.53,72.47737,0.002395786876263628,0.7790621573567691,-217.23893419116905
1996-01-01,3.2374629,154.7,62201.4150964049,62297.337,17.48,17.48,72.33704,1.0002505436567333,-0.19380674053710578,-218.04303873516312
1996-02-01,-4.3675243,155,62679.5388114235,62874.979,17.77,17.77,72.31602,0.7657309401668755,-0.029062641534149947,-216.59134747526866
1996-03-01,-8.1396436,155.5,62551.1283325315,62598.127,19.9,19.9,72.67715,-0.20507839944539086,0.49813483869796116,-205.59259998888422
1996-04-01,-3.3533075,156.1,62625.862534953,62376.832,21.33,21.33,72.96955,0.11940566837882471,0.40152010699232576,-199.03822950381272
1996-05-01,-6.1643032,156.4,62488.9083233681,61990.716,20.12,20.12,73.45469,-0.2189258156258589,0.6626522701969506,-205.07024828796722
1996-06-01,-16.841201,156.7,63047.6211155051,62531.378,19.32,19.32,73.56155,0.8901257405183216,0.14537172059201353,-209.31923205776027
1996-07-01,-29.768734,157,62899.8501481376,62798.923,19.6,19.6,73.79122,-0.23465502513211334,0.31172835907193885,-208.07162391118362
1996-08-01,-32.631415,157.2,62942.8403564637,62671.359,20.53,20.53,74.09795,0.0683237299300643,0.41481122629996037,-203.56316489642637
1996-09-01,-38.074577,157.7,63092.6033827259,62917.08,22.04,22.04,74.46932,0.237652349697548,0.4999361884885367,-196.78355096842787
1996-10-01,-28.779774,158.2,62817.8916453764,63126.309,23.22,23.22,74.68193,-0.43636104073634385,0.2850933451843396,-191.8846079063808
1996-11-01,-4.3069589,158.7,63069.048592342,63683.196,22.66,22.66,75.02154,0.39902039040580206,0.4537110363346031,-194.6414371932503
1996-12-01,-1.8669005,159.1,63702.4578460168,64237.358,23.22,23.22,75.42419,0.9993010929608914,0.5352773540328926,-192.45189590739957
1997-01-01,-3.5160062,159.4,64317.2428322358,64416.168,23.02,23.02,75.6689,0.9604610994090379,0.3239197953609718,-193.5053363062378
1997-02-01,-5.1917463,159.7,64484.8337717525,64686.317,20.88,20.88,76.0928,0.2602303293739894,0.5586404243217657,-203.45052922065287
1997-03-01,-2.7472194,159.8,64228.0965877802,64282.416,19.16,19.16,76.70824,-0.39893043184253685,0.8055486114912469,-212.10982607894599
1997-04-01,-9.0270309,159.9,65382.2845516103,65137.158,17.83,17.83,77.12063,1.781058684023229,0.5361685201706656,-219.36661879648597
1997-05-01,-16.458887,159.9,64959.3759853414,64463.646,18.55,18.55,77.29124,-0.6489253682925522,0.22098051066601343,-215.40788307864642
1997-06-01,-16.947908,160.2,64104.7211445528,63586.133,17.35,17.35,77.98567,-1.3244075654771592,0.8944467399944145,-222.28305282413908
1997-07-01,-11.774703,160.4,64483.7537616194,64386.267,17.49,17.49,78.26832,0.5895298394374748,0.3617831561209428,-221.60414064019034
1997-08-01,-15.34827,160.8,65433.6538005147,65165.777,17.96,17.96,78.61437,1.4623397805983984,0.44115837284186554,-219.20142938708125
1997-09-01,-15.196505,161.2,65567.3408235914,65381.241,17.85,17.85,79.01007,0.2041008465145211,0.5020805545759011,-220.06423218468797
1997-10-01,-13.153439,161.5,66135.8472623472,66441.255,18.73,18.73,79.54387,0.8633199818680382,0.6733380662786281,-215.43786262067138
1997-11-01,-19.905397,161.7,65480.4053731676,66091.806,17.88,17.88,79.42459,-0.9959975222297857,-0.15006753211945778,-220.2059996837693
1997-12-01,-19.960392,161.8,65426.1581076021,65952.682,15.95,15.95,79.37378,-0.08287937171100879,-0.06399310236488986,-231.69021753935377
1998-01-01,-26.525803,162,66619.5180894376,66720.296,14.33,14.33,79.20504,1.8075449457025883,-0.21281538566855218,-242.52410933923034
1998-02-01,-42.365103,162,67065.0706596332,67271.306,13.32,13.32,79.82764,0.6665752935413494,0.7829877240415506,-249.8329670120141
1998-03-01,-35.331021,162,67063.0001746951,67124.319,12.34,12.34,79.57973,-0.0030873253084706676,-0.3110398218962196,-257.47503167551423
1998-04-01,-42.252775,162.2,66943.4823608224,66700.234,12.81,12.81,79.52043,-0.17837621479426247,-0.0745442402395824,-253.86040257726697
1998-05-01,-42.635783000000004,162.6,66584.1242415099,66090.568,12.61,12.61,79.71391,-0.5382542173251181,0.243013027487482,-255.6803047136882
1998-06-01,-51.541727,162.8,66563.359965682,66044.061,11.61,11.61,79.55342,-0.031189888595939408,-0.20153543645289318,-264.06556578586395
1998-07-01,-58.183882,163.2,65806.6128408106,65714.398,11.55,11.55,79.47076,-1.1433943110462863,-0.10395904251110366,-264.8291005562204
1998-08-01,-63.141809,163.4,64786.5696195827,64522.965,11.34,11.34,79.74262,-1.5622009461974784,0.3415042934385326,-266.78648841262964
1998-09-01,-54.291501,163.5,64558.0556977838,64361.764,12.77,12.77,79.93028,-0.35334156172055486,0.23505564989871885,-254.971432029286
1998-10-01,-42.283562,163.9,64581.9330960639,64884.338,12.11,12.11,80.16678,0.036979093424349685,0.29544599011464,-260.5224928184783
1998-11-01,-44.810354,164.1,65166.2249543391,65776.125,10.99,10.99,80.29716,0.9006614302949245,0.16250383568019444,-270.3490229680515
1998-12-01,-57.00755,164.4,65436.1205310002,65955.504,9.39,9.39,80.20124,0.4133095157902389,-0.11952768553449289,-286.2657189401908
1999-01-01,-62.591671,164.7,65583.2877102094,65684.486,10.16,10.16,80.96566,0.22464952800138605,0.9486138063107497,-278.5667195033258
1999-02-01,-58.39564,164.7,65426.9081091367,65635.407,10.33,10.33,80.49998,-0.23872901549975012,-0.5768178185403094,-276.9073354052047
1999-03-01,-43.730708,164.8,65218.8509540595,65284.966,12.1,12.1,81.14822,-0.3185060616699431,0.802042305390227,-261.15271648726764
1999-04-01,-48.775967,165.9,64366.2000841675,64122.607,14.82,14.82,81.19733,-1.315990028802716,0.06050058224316146,-241.5407577328458
1999-05-01,-34.653754,166,63862.52240482,63370.008,15.57,15.57,81.95172,-0.7855966432343209,0.9247928523534732,-236.6641802510636
1999-06-01,-41.700718,166,63782.5075686577,63261.942,15.91,15.91,82.00256,-0.12537087681288028,0.062017291197946633,-234.5039946006848
1999-07-01,-43.173645,166.7,63941.1761127136,63854.99,18.05,18.05,82.57201,0.24845607502843592,0.6920294825634166,-222.30501049778582
1999-08-01,-36.420469,167.1,64245.7189075409,63988.56,19.56,19.56,82.92876,0.4751552298028372,0.43111648670928204,-214.51057709946767
1999-09-01,-27.539438,167.8,63984.4040543494,63780.779,21.64,21.64,83.46706,-0.4075722753620781,0.6470137024937372,-204.82293400548252
1999-10-01,-11.984876,168.1,64113.1928207017,64414.462,21.62,21.62,83.95022,0.2010791972498538,0.5771941120826796,-205.09402282035074
1999-11-01,-12.368653,168.4,64221.3952067741,64830.285,23.14,23.14,84.74319,0.16862548651079834,0.9401384922083977,-198.4779380042696
1999-12-01,-11.764863,168.8,63656.0863601742,64168.171,24.35,24.35,85.53256,-0.8841471105936805,0.9271733113418001,-193.6182732633258
2000-01-01,-9.8285437,169.3,64245.0537080483,64344.8691,25.29,25.29,85.32319,0.9209792978946751,-0.24508406044336795,-190.1263228457216
2000-02-01,-8.4805878,170,64852.455316365,65061.06259,27.39,27.39,85.63453,0.941003579319144,0.36423081004688385,-182.56204537752748
2000-03-01,6.1981871,171,65170.6970784336,65239.83255,27.7,27.7,86.06507,0.4895165079442876,0.5015048402736255,-182.02311433093672
2000-04-01,9.2852705,170.9,65985.8036018586,65741.43967,24.29,24.29,86.91808,1.2429685352508102,0.9862427804866236,-195.1013847107464
2000-05-01,5.3012489,171.2,66627.4539719906,66136.50413,26.35,26.35,87.356,0.9677092459714487,0.5025657535765227,-187.136418872027
2000-06-01,4.0726813,172.2,66306.1382751318,65785.10167,28.91,28.91,87.44335,-0.48342381663726286,0.0999431717233712,-178.44690359653757
2000-07-01,5.7599765,172.7,66583.3599225016,66503.74184,28,28,87.75968,0.41722190733235465,0.3611014532454604,-181.9351474977429
2000-08-01,7.2181659,172.7,67292.2119707328,67041.54994,28.8,28.8,88.18536,1.058981355092392,0.4838793188707946,-179.11805980107326
2000-09-01,11.224623,173.6,67192.1696122498,66982.02,30.56,30.56,87.98927,-0.14877917533500096,-0.22260876151856124,-173.70618379279298
2000-10-01,12.497463,173.9,67435.0726539825,67735.98426,29.71,29.71,88.28094,0.3608531248563196,0.33093540444886216,-176.6996731885721
2000-11-01,11.799293,174.2,67983.3649633223,68591.51567,30,30,88.60218,0.80977939952529,0.36322330042528606,-175.9006682756247
2000-12-01,4.9512222,174.6,66605.214033916,67112.56477,25.19,25.19,88.91891,-2.048017907680766,0.35683685367589035,-193.60505530409827
2001-01-01,1.8399327,175.6,67357.3451488413,67456.87048,24.49,24.49,87.7235,1.1229093004395452,-1.353500837671806,-196.994381023694
2001-02-01,-3.9347987,176,66653.8161705197,66863.35914,24.97,24.97,88.45318,-1.0499654426247673,0.8283550040545151,-195.280889074647
2001-03-01,-2.2798224,176.1,67324.239595498,67396.32058,23.01,23.01,87.63068,1.0008042242251491,-0.9342207537835101,-203.51231114548858
2001-04-01,-6.5663065,176.4,66945.3539686143,66699.46033,22.99,22.99,87.24471,-0.5643669910412541,-0.44142360652807966,-203.76948047976006
2001-05-01,-6.2830855,177.3,66384.5787698168,65893.83635,24.63,24.63,87.22691,-0.8411892123202591,-0.02040446470514823,-197.38780009477156
2001-06-01,-11.367404,177.7,64825.1224856662,64304.337,23.95,23.95,87.01468,-2.3771561161382238,-0.24360441723842996,-200.41284113036815
2001-07-01,-24.206724,177.4,66693.590246465,66619.91216,22.76,22.76,86.40942,2.8415629145072785,-0.6980142407821077,-205.3402460617349
2001-08-01,-44.872147,177.4,66978.2642712162,66732.25235,23.77,23.77,86.88361,0.425930284501419,0.5472709243069751,-200.99827885033767
2001-09-01,-48.734082,178.1,66271.9854275791,66054.384,22.51,22.51,86.29089,-1.0600887569863104,-0.6845376363485478,-206.8385535376975
2001-10-01,-53.385791,177.6,65716.7542459025,66016.13577,18.76,18.76,86.00792,-0.8413360991243124,-0.3284645487814153,-224.7806886979991
2001-11-01,-58.067687,177.5,65283.0837647758,65888.75467,16.06,16.06,85.77643,-0.6620955749983892,-0.2695124906579416,-240.2638900396855
2001-12-01,-56.103518,177.4,65465.8156153467,65969.58161,15.95,15.95,85.84277,0.2795158818306831,0.07731070102208193,-240.89482406446257
2002-01-01,-49.327237,177.7,65454.6032005212,65553.67035483872,17.04,17.04,86.75288,-0.01712859606506356,1.0546249983058864,-234.4533213759436
2002-02-01,-46.259876,178,65480.0355856152,65691.05957142857,18.24,18.24,86.51835,0.03884745190365635,-0.2707086955242133,-227.81665656459
2002-03-01,-35.99206,178.5,65026.6936498326,65101.1434516129,22.29,22.29,87.36117,-0.6947438831515385,0.9694374596135091,-208.04504538219163
2002-04-01,-35.150137,179.3,64486.4943825644,64239.04533333333,23.98,23.98,87.97456,-0.8342044669952031,0.6996777010228605,-201.1840231011719
2002-05-01,-39.264199,179.5,65525.8377628927,65035.73651612903,24.44,24.44,88.3083,1.598872206189128,0.37864191531156166,-199.3954073624939
2002-06-01,-42.899226,179.6,65595.971457156,65078.906,23.45,23.45,88.48105,0.10697488292557011,0.1954303864819984,-203.58616609758107
2002-07-01,-43.659058,180,66036.4709207091,65967.9304516129,24.99,24.99,88.8388,0.6692895762425266,0.403508671369579,-197.44811060433494
2002-08-01,-42.360751,180.5,65944.4020400844,65700.7424516129,25.68,25.68,89.14413,-0.1395185430947521,0.3431006552411908,-195.0018298951175
2002-09-01,-25.837185,180.8,65968.6800249281,65742.813,27.14,27.14,89.40881,0.036809063570864,0.29647251271152086,-189.6382793551353
2002-10-01,-11.494887,181.2,66832.4163602711,67130.05680645161,25.99,25.99,89.50645,1.3008153371764308,0.10914665377699251,-194.18895449554802
2002-11-01,-4.7634714,181.5,66736.4050501208,67339.77133333332,23.68,23.68,89.82052,-0.14376308134291804,0.35027672761129836,-203.66248436891004
2002-12-01,8.4389279,181.8,66162.4206089203,66663.53041935484,26.68,26.68,89.51485,-0.8637969633126019,-0.3408923694302679,-191.89929606959555
2003-01-01,9.8351959,182.6,69247.0978294974,69345.818,30.3,30.3,90.51617,4.5568598347303535,1.1123975473704029,-179.61502556455446
2003-02-01,8.2700238,183.6,70454.458147202,70667.015,32.23,32.23,90.49358,1.7285281763262716,-0.024959981567107548,-173.98617823590436
2003-03-01,18.272366,183.9,70627.3932149737,70704.776,29.23,29.23,90.54109,0.2451557768990753,0.05248718501347227,-183.9196552487121
2003-04-01,29.768397,183.2,69601.0911166207,69354.52,24.48,24.48,90.27492,-1.4637830941763852,-0.294409983117383,-201.27219945959044
2003-05-01,37.881334,182.9,69658.6632285262,69169.601,25.15,25.15,90.13242,0.08268306296557171,-0.15797586687513743,-198.40816588510717
2003-06-01,33.589187,183.1,69495.9728798841,68983.813,27.22,27.22,90.54904,-0.23382680924992627,0.46116600825421017,-190.6080454457145
2003-07-01,36.018619,183.7,69499.6221428112,69435.615,27.95,27.95,91.21933,0.005250904429487946,0.73752439802659,-188.28867926199717
2003-08-01,39.951633,184.5,70135.1616730011,69893.245,28.5,28.5,91.10155,0.9102945575714116,-0.12920079848672827,-186.7745376205977
2003-09-01,47.253254,185.1,70087.7851553107,69853.647,25.66,25.66,91.96587,-0.06757313344891713,0.9442711567507089,-197.59628603919612
2003-10-01,100.01559,184.9,70841.4839148206,71135.661,27.32,27.32,92.80256,1.0696230106312044,0.9056695659847236,-191.21961036904898
2003-11-01,102.19846,185,70946.9357763283,71547.06,27.47,27.47,93.10926,0.14874540696663274,0.32994166614237486,-190.72613249711424
2003-12-01,110.20639,185.5,71637.8798157664,72136.433,28.63,28.63,93.79475,0.9691767597349354,0.7335242016554666,-186.85997629374663
2004-01-01,122.56561,186.3,71573.2934267625,71671.928,30.11,30.11,93.64323,-0.09019742233835615,-0.16167484626592454,-182.25009351139005
2004-02-01,126.65933,186.7,71404.1628212566,71616.39,30.69,30.69,94.86493,-0.23658370883374857,1.296195459125915,-180.5566181916032
2004-03-01,120.58245,187.1,72064.5193584828,72142.732,32.16,32.16,94.84258,0.9205649492608714,-0.02356258864333327,-176.09197889692786
2004-04-01,107.22381,187.4,71982.431232527,71737.695,32.34,32.34,95.46178,-0.11397413760594333,0.6507493418731691,-175.6940515655361
2004-05-01,84.785683,188.2,72653.7866340122,72166.495,35.68,35.68,95.78032,0.9283431673608789,0.3331277941214239,-166.29149194394705
2004-06-01,63.140874,188.9,74097.8780736199,73591.559,33.45,33.45,95.70715,1.9681385653614214,-0.07642275869139681,-173.11659879332265
2004-07-01,89.583156,189.1,73974.9147882438,73916.642,35.89,35.89,96.36539,-0.16608495222509845,0.6854103943630285,-166.1817270504896
2004-08-01,99.547073,189.2,73144.2448308327,72905.11,39.46,39.46,96.41619,-1.129259828547191,0.05270213178647509,-156.75171560233085
2004-09-01,98.725202,189.8,73583.917537676,73342.663,40.42,40.42,96.80513,0.5993042040543628,0.4025855172836934,-154.66461742003526
2004-10-01,107.5453,190.8,73759.1148940546,74049.505,45.36,45.36,97.2409,0.2378089225576474,0.44914161094551375,-143.65950995946898
2004-11-01,122.91303,191.7,73499.694700236,74096.572,39.89,39.89,97.38412,-0.3523326895006562,0.14717534862871418,-156.98059841342834
2004-12-01,126.96099,191.7,73240.4921156115,73736.139,34.07,34.07,97.72898,-0.3532813468979157,0.3534979036429853,-172.75144183787236
2005-01-01,106.81431,191.6,73098.6506311394,73197.742,37.56,37.56,98.48814,-0.19385316358793148,0.7737997459036805,-162.94702111966978
2005-02-01,107.23045,192.4,73786.0021372603,73998.369,39.72,39.72,98.54713,0.9359133312369039,0.05987760644323714,-157.77216990546344
2005-03-01,110.20666,193.1,73880.9665328921,73959.974,45.73,45.73,98.77973,0.1286197036190373,0.23575108602020833,-144.0453651764505
2005-04-01,106.89433,193.7,74748.1710813757,74505.991,45.25,45.25,99.50079,1.1669507117105127,0.7273162069608929,-145.4107900267015
2005-05-01,85.935662,193.6,75238.3047091199,74752.059,43.19,43.19,99.12711,0.6535727569586314,-0.3762617848328986,-150.01851878698668
2005-06-01,57.238996,193.7,74646.4289290786,74143.189,49.28,49.28,99.79114,-0.78977870820367,0.6676435838156358,-136.87922511876857
2005-07-01,35.417032,194.9,74271.2920950066,74216.962,52.79,52.79,99.88013,-0.5038186523540489,0.08913651512516552,-130.61648276779903
2005-08-01,34.384554,196.1,74548.9295366263,74312.312,58.67,58.67,100.1999,0.3731183311986186,0.31964236736747864,-120.6696210264532
2005-09-01,57.127023,198.8,73276.5459157003,73028.623,58.79,58.79,100.284,-1.7215098283568153,0.08389701610251876,-121.83275218083101
2005-10-01,69.129019,199.1,73404.8837973894,73691.379,55.31,55.31,100.8638,0.17498863310621005,0.5764931118073413,-128.0853487063564
2005-11-01,61.733624,198.1,73781.1439145461,74375.594,49.97,49.97,101.9382,0.5112726291001124,1.05956553850719,-137.73491283483915
2005-12-01,50.432129,198.1,74001.1358007465,74495.252,50.85,50.85,102.6133,0.29772452979432984,0.660080665465923,-135.98918312099363
2006-01-01,36.070636,199.3,74043.8434794848,74145.415,55.85,55.85,102.4846,0.05769554648935582,-0.12550105768260877,-127.21417017035392
2006-02-01,43.927781,199.4,74405.5862375436,74618.98,52.8,52.8,103.3763,0.4873625648336599,0.8663185450870969,-132.88016668155223
2006-03-01,50.095155,199.7,74662.423023808,74742.219,55.31,55.31,103.7015,0.34459042108689886,0.3140851094032726,-128.38625164151827
2006-04-01,44.4708,200.7,74252.644236984,74011.71,62.41,62.41,104.1263,-0.5503537401208902,0.4088005469886191,-116.80857368563409
2006-05-01,43.403491,201.3,74164.3333490007,73676.743,64.39,64.39,104.8311,-0.11900376876248231,0.6745898185793742,-113.98379910956538
2006-06-01,54.031948,201.8,74596.6324284189,74094.518,63.79,63.79,105.1742,0.5812012500213015,0.326753948845937,-115.16806696656448
2006-07-01,65.181503,202.9,75143.1669572933,75091.576,67.99,67.99,105.5162,0.7299822199104966,0.32464725528837945,-109.33526112934008
2006-08-01,83.87471,203.8,74351.3808904093,74116.975,66.45,66.45,105.9304,-1.0592941109301535,0.39177790496127685,-112.06893356293702
2006-09-01,93.653638,202.8,74301.2636941717,74048.543,57.29,57.29,106.3349,-0.0674285994392676,0.3811272870699156,-126.40941832965417
2006-10-01,93.994338,201.9,73931.7474484607,74216.318,52.7,52.7,106.608,-0.4985623759070634,0.2565008269664659,-134.31570697714753
2006-11-01,98.056538,202,73499.6731893384,74093.127,52.7,52.7,107.8786,-0.5861376011589314,1.1847964984863957,-134.3652241853888
2006-12-01,101.10726,203.1,73174.1170276461,73667.922,54.97,54.97,108.5713,-0.4439193885151127,0.6400579208790447,-130.69108867137703
2007-01-01,103.97459,203.437,73862.5408873449,73967.377,49.57,49.57,109.2043,0.936404431170601,0.5813339811081342,-141.19705626100892
2007-02-01,102.31143,204.226,74213.6718820826,74427.572,53.77,53.77,109.4357,0.47425801390907907,0.21167223417419834,-133.45115329545246
2007-03-01,117.22043,205.288,74146.992487711,74226.811,56.31,56.31,110.1518,-0.089888245168801,0.6522252300875664,-129.35417320027838
2007-04-01,128.70496,205.904,74505.2350284737,74264.972,60.45,60.45,110.3011,0.48198838360438145,0.13544845436443964,-122.55934636905074
2007-05-01,139.13267,206.755,74357.0799019887,73867.61,61.55,61.55,111.3127,-0.1990499415130742,0.9129458780489763,-121.1684664777771
2007-06-01,128.71073,207.234,74130.0694035622,73627.997,65.24,65.24,111.4787,-0.3057647430800614,0.14901834695502103,-115.57758118348791
2007-07-01,141.68142,207.603,74473.6859074753,74422.538,70.75,70.75,111.978,0.46246087873687003,0.44688821678278146,-107.64750655310257
2007-08-01,150.87606,207.667,73726.0226983596,73493.174,68.28,68.28,112.4597,-1.009002729295183,0.42925118162981946,-111.23189373282518
2007-09-01,168.15664,208.547,74112.5363448384,73855.256,72.34,72.34,112.5314,0.5228873030455716,0.06373585659806835,-105.87872089759777
2007-10-01,187.56467,209.19,74783.5247841397,75066.649,78.61,78.61,113.2724,0.9012904389502197,0.6563243487942572,-97.8744012095364
2007-11-01,188.07603,210.834,73933.8231473437,74528.258,85.53,85.53,113.7429,-1.142719252079516,0.41451010013151546,-90.2203902391212
2007-12-01,181.19683,211.445,74445.3051840869,74940.932,83.21,83.21,113.9851,0.6894285853256577,0.2127099797307075,-93.25973844745131
2008-01-01,149.22411,212.174,74619.8412965122,74728.643,84.82,84.82,115.6785,0.23417438120922895,1.4747053423515233,-91.68753287075802
2008-02-01,144.93531,212.687,74609.5319942546,74823.678,87.41,87.41,115.0503,-0.013816719921244669,-0.5445367481501151,-88.92119087990827
2008-03-01,160.70074,213.448,74966.3054346512,75045.509,96.96,96.96,114.6896,0.4770477947959151,-0.314007533194971,-78.90947209632202
2008-04-01,163.37844,213.942,74726.5083704795,74486.134,104.72,104.72,115.1825,-0.32038581304831837,0.4288478292163056,-71.44148286480878
2008-05-01,189.84947,215.208,75282.7773780854,74790.717,116.55,116.55,114.1686,0.7416494980265753,-0.8841523802762374,-61.328463683609
2008-06-01,183.29353,217.463,75314.3189041382,74812.019,126.22,126.22,114.4692,0.04188862507010782,0.26294879779360514,-54.40023049589284
2008-07-01,169.08039,219.016,75621.3649500212,75569.424,127.77,127.77,113.7066,0.40685736016055074,-0.6684344610087933,-53.891301390529456
2008-08-01,150.57771,218.69,74712.3242804008,74482.225,111.19,111.19,112.6833,-1.2093786215348956,-0.9040217510898785,-67.6414752185074
2008-09-01,110.91489,218.877,73747.2276650234,73486.298,96.38,96.38,111.5413,-1.3001658673195138,-1.0186303149161802,-82.02112169877182
2008-10-01,10.72668,216.995,74195.2500107741,74476.433,70.84,70.84,109.8184,0.6056728566282032,-1.5566833455760154,-111.94504988857135
2008-11-01,-66.507515,213.153,73722.9337303854,74319.854,49.1,49.1,106.8489,-0.6386204504030601,-2.741240554302049,-146.81511829070536
2008-12-01,-75.250917,211.398,73051.9119454142,73550.516,35.59,35.59,103.4164,-0.9143616632403706,-3.265213005875278,-178.16779131313453
2009-01-01,-55.611143,211.933,72371.7826577669,72485.235,36.84,36.84,100.4904,-0.9353829834120475,-2.8701356299093206,-174.96859755986077
2009-02-01,13.839555,212.705,72660.8787931913,72875.503,38.56,38.56,101.3404,0.3986640187431334,0.8422946600200376,-170.76907594748138
2009-03-01,21.6357,212.495,72631.2668563343,72709.632,45.96,45.96,100.8404,-0.040761924375942726,-0.4946078156976341,-153.11470056953308
2009-04-01,5.1328307,212.709,73235.261563079,72994.151,49.58,49.58,101.0283,0.8281518252250208,0.18616066211869509,-145.63375078210387
2009-05-01,47.749338,213.022,73091.4452808245,72595.179,56.77,56.77,101.6028,-0.1965688036920099,0.5670418206828565,-132.23874295780954
2009-06-01,87.97858,214.79,73231.231059525,72726.703,66.37,66.37,102.5956,0.1910651509687611,0.9723953007072517,-117.44156594583384
2009-07-01,75.327081,214.726,73743.2012509486,73687.155,63.46,63.46,103.5034,0.6966820747630109,0.8809415580583568,-121.89530106059662
2009-08-01,52.675905,215.445,73373.6252674078,73145.54,68.09,68.09,104.3562,-0.5024262278180203,0.8205584779616082,-115.18752970570205
2009-09-01,39.367648,215.861,73848.6450435455,73584.571,67.65,67.65,105.5352,0.64531191315087,1.1234499369646045,-116.0287327401934
2009-10-01,54.767,216.509,73763.1268467445,74041.585,72.06,72.06,106.0477,-0.11586908723284495,0.4844446335757979,-110.01330116973695
2009-11-01,90.730261,217.234,73565.567115742,74165.539,74.4,74.4,107.0355,-0.2681892360573812,0.9271562245021236,-107.15191717232014
2009-12-01,81.016015,217.347,73358.7872971405,73862.078,72.67,72.67,107.667,-0.2814781197495009,0.5882575387532896,-109.55665100885012
2010-01-01,69.117285,217.488,73924.8616558457,74045.54594696118,75.07,75.07,109.6685,0.7686897358874845,1.8419048757770895,-106.37226650079812
2010-02-01,52.578126,217.281,74143.2084305162,74360.29494696119,73.73,73.73,109.5251,0.2949277758702351,-0.13084325496581783,-108.07816747145877
2010-03-01,70.740204,217.353,74527.9945667633,74606.7539469612,76.77,76.77,111.1295,0.5176348716782186,1.4542441219203894,-104.0708821122237
2010-04-01,65.636639,217.403,74601.4907501263,74359.84394696119,80.03,80.03,111.635,0.09856694557388579,0.4538432898097078,-99.93512096609646
2010-05-01,89.068023,217.29,74840.3991562038,74339.71394696119,71.15,71.15,112.5807,0.3197344596719276,0.8435676966825234,-111.6442542339483
2010-06-01,67.535776,217.199,74481.6873226278,73974.67494696118,71.91,71.91,112.3613,-0.4804547432557982,-0.19507256943933626,-110.53986468832137
2010-07-01,19.475628,217.605,74286.1006420872,74224.58094696118,73.27,73.27,112.8854,-0.2629423962066113,0.4653572689979235,-108.85302444871026
2010-08-01,43.659312,217.923,74324.9781868049,74098.63594696119,73.52,73.52,113.3088,0.05232119423528303,0.3743690107911313,-108.65843113387821
2010-09-01,54.821579,218.275,74677.5245140244,74409.62594696118,73.15,73.15,113.5702,0.47320948131961416,0.23043130097226694,-109.32436082307379
2010-10-01,53.681805,219.035,74469.4920441514,74744.62994696118,76.9,76.9,114.1142,-0.27896314600663885,0.47785534289292997,-104.6725657887068
2010-11-01,38.731614,219.59,74469.0173917802,75072.43594696118,79.92,79.92,114.7718,-6.37380316170777e-4,0.574610775121176,-101.0736036917602
2010-12-01,25.152418,220.472,74654.1996029696,75163.46694696118,85.59,85.59,116.1199,0.24836146927391667,1.1677468867380192,-94.62022488032315
2011-01-01,-12.136922,221.187,75797.4315462047,75925.41366097397,87.61,87.61,117.7303,1.5197627816647241,1.3773137312409034,-92.61133508992826
2011-02-01,-29.371686,221.898,75270.0502619755,75489.33866097397,91.42,91.42,117.5355,-0.698209065754618,-0.1655999677957709,-88.6753543925382
2011-03-01,-6.2764673,223.046,74362.4800288058,74441.36866097397,102.43,102.43,117.1961,-1.2130802853377531,-0.2891815473691217,-77.81983897661944
2011-04-01,-17.164298,224.093,74529.7661016828,74286.66666097398,113.02,113.02,116.6106,0.22470766291071698,-0.5008421263406504,-68.44963500619957
2011-05-01,-16.615835,224.806,74162.0376667817,73656.32966097398,107.98,107.98,117.684,-0.4946193068912308,0.9162887322863078,-73.3291783264672
2011-06-01,-10.642209,224.806,74955.3334792156,74445.66866097397,105.38,105.38,117.9905,1.0639985004569752,0.2601046551924391,-75.76649432736733
2011-07-01,-15.574762,225.395,74906.6146356439,74840.03766097398,105.94,105.94,118.3499,-0.06501829970950723,0.30413782581133475,-75.49815224570958
2011-08-01,-14.163892,226.106,75525.8289689701,75301.61166097397,99,99,118.6061,0.8232503783229816,0.21624276222977912,-82.58840657277979
2011-09-01,14.075958,226.597,74953.4161977067,74681.63066097397,101.05,101.05,118.533,-0.7607900100392584,-0.06165158113144997,-80.75576654686407
2011-10-01,26.05286,226.75,74985.6818734224,75258.02566097397,101.99,101.99,118.5491,0.0430383757523245,0.013581792994710185,-79.89733197328192
2011-11-01,13.884176,227.169,75631.5761483331,76238.92466097398,107.67,107.67,118.14075730506754,0.8576682947143865,-0.3450448656415084,-74.66232400481157
2011-12-01,15.837886,227.223,76080.1910995055,76595.46966097398,106.52,106.52,118.41470415791356,0.5914060153367373,0.2316133169083301,-75.7599153171978
2012-01-01,-42.933714,227.842,76632.6628497181,76765.30451043224,105.25,105.25,119.33437715532204,0.7235463763139549,0.7736539544152876,-77.23139337124806
2012-02-01,-82.135162,228.329,76767.782108315,76987.85451043224,108.08,108.08,119.58573725959694,0.17616545190364263,0.21041359169737817,-74.7915877659896
2012-03-01,-62.085533,228.807,76800.4064823747,76880.10351043224,111,111,118.9905410917926,0.042488453956401884,-0.49895773942374433,-72.33486521309038
2012-04-01,-44.847056,229.187,77441.1151791922,77197.09451043225,108.54,108.54,118.15970701999298,0.8307910543511099,-0.7006844628013376,-74.74194955740535
2012-05-01,-36.856578,228.713,77008.5047629434,76499.23051043224,103.26,103.26,118.86664944643007,-0.5601976201218051,0.596511319003401,-79.52178629875267
2012-06-01,-52.714194,228.524,76806.9960008575,76295.14451043223,92.18,92.18,118.3926607642689,-0.26201374551586554,-0.399553815035425,-90.78980503490935
2012-07-01,-40.620302,228.59,76620.263129259,76549.35851043224,92.99,92.99,118.52036283139525,-0.24341562882437273,0.10780503119338647,-89.9438045381851
2012-08-01,-73.858873,229.918,76751.1970075892,76528.93751043224,97.04,97.04,118.16673072549602,0.17074090580102563,-0.298818464263384,-86.25994589792853
2012-09-01,-81.495526,231.015,76229.573404465,75955.27851043224,101.82,101.82,117.75755242288896,-0.6819492714637221,-0.3468729097478196,-81.92760950043485
2012-10-01,-51.804177,231.638,76296.426847067,76567.77951043224,100.92,100.92,118.35596815169392,0.08766170590313038,0.5068892358552901,-83.08476844600811
2012-11-01,-44.160317,231.249,76490.6899341513,77102.62651043224,98.07,98.07,118.195667997994,0.25429263390783774,-0.1355308133534905,-85.78135426546315
2012-12-01,-61.998349,231.221,76464.0863260789,76985.27951043224,93.7,93.7,118.57286011270736,-0.034786240732209706,0.31861703649349593,-90.32757738788374
2013-01-01,-72.502351,231.679,76284.8106319839,76420.5107694,97.91,97.91,119.048967455947,-0.234732662535464,0.4007274796528293,-86.13041035237138
2013-02-01,-76.259286,232.937,75987.6970350034,76207.3977694,99.23,99.23,119.02866143345256,-0.3902398122777484,-0.01705832054730294,-85.33276428124991
2013-03-01,-59.592743,232.282,76334.1698605071,76413.8997694,99.11,99.11,119.35038495946846,0.4549227633560804,0.2699261753281057,-85.172180634608
2013-04-01,-59.455072,231.797,77086.5697336997,76839.2897694,96.45,96.45,119.80717869674264,0.980839888017826,0.38200279830187256,-87.68372492786179
2013-05-01,-61.949907,231.893,77218.0644350367,76704.2567694,98.5,98.5,119.89250139482284,0.17043523530713145,0.07119133546709122,-85.62195102031018
2013-06-01,-52.063827,232.445,77273.1435717323,76758.4047694,97.17,97.17,119.38053640623478,0.07130391397645042,-0.4279343586596873,-87.21916160517516
2013-07-01,-34.344395,232.9,77349.0473386356,77273.8187694,101.56,101.56,120.06179493641288,0.09817966302705372,0.5690392042639658,-82.99594200538176
2013-08-01,-37.583312,233.456,77248.9938032999,77028.3037694,104.16,104.16,120.62158187704878,-0.1294370207613582,0.4651654446857556,-80.70654440614075
2013-09-01,6.0153276,233.544,76833.6475301935,76558.1527694,103.49,103.49,120.99892306608189,-0.5391227402725463,0.3123422789742314,-81.3895506507716
2013-10-01,17.515767,233.669,76566.2017015725,76837.9607694,97.84,97.84,120.81653939296628,-0.34869147647835774,-0.15084536434883944,-87.05720926723711
2013-11-01,-1.4004359,234.1,76522.4783458126,77139.8017694,90.36,90.36,121.39299775045774,-0.057121606816679105,0.4760006172529252,-95.19466828970626
2013-12-01,31.952245,234.719,77037.7238241146,77565.4347694,90.57,90.57,121.2350712992764,0.6710689418511606,-0.1301798873499571,-95.22660216033744
2014-01-01,-7.2746509,235.288,77648.5332831385,77787.9774128041,89.71,89.71,122.2947784231484,0.7897438920588584,0.8702948026327206,-96.42280501366136
2014-02-01,-32.816349,235.547,78057.1537556242,78277.62641280411,96.1,96.1,122.99393056930916,0.5248638226641233,0.5700662231261866,-89.65211529392604
2014-03-01,-6.4576321,236.028,77553.2409645112,77633.8494128041,97.13,97.13,122.80862122821895,-0.6476618139419799,-0.15077904996712022,-88.79001546415168
2014-04-01,-41.5238,236.468,77680.3538766839,77428.63841280411,97.33,97.33,123.28358667038096,0.1637698859104475,0.38600655906222414,-88.77056257849165
2014-05-01,-46.839131,236.918,78120.6319553849,77600.92241280411,98.46,98.46,122.99587285905162,0.5651815979641484,-0.2336483462880068,-87.80637153750052
2014-06-01,-55.202372,237.231,78422.6442668912,77903.58141280411,100.26,100.26,123.2257264918003,0.3858520065447735,0.18670474087123523,-86.12675381484988
2014-07-01,-68.757928,237.498,78238.5364137529,78157.9104128041,98.75,98.75,123.45360970387436,-0.23503964044575554,0.1847607346563862,-87.75677986053758
2014-08-01,-52.199568,237.46,78711.3198384021,78491.3194128041,93.23,93.23,122.25831169856602,0.6024661200356718,-0.9729340175162804,-93.4929629929044
2014-09-01,-33.965479,237.477,79503.9537414925,79227.60741280411,89.38,89.38,123.48572963177848,1.0019772637289037,0.9989484453281072,-97.71738331746279
2014-10-01,-35.735187,237.43,79938.8273266972,80212.03941280411,82.75,82.75,122.6534265753857,0.5454930736179975,-0.676289170279798,-105.4048828931979
2014-11-01,-16.316621,236.983,79350.919114099,79975.4634128041,74.34,74.34,123.5449340741413,-0.7381653813471445,0.7242220403196775,-115.93392437355028
2014-12-01,-53.992272,236.252,80313.1884070426,80847.80941280411,57.36,57.36,123.8256227942496,1.2053816714240995,0.2269379542382488,-141.55518356551198
2015-01-01,-75.842842,234.747,79963.5015947427,80106.3621871,44.74,44.74,124.51339629768128,-0.43635461544369036,0.5539002806606241,-165.7640382392014
2015-02-01,-105.52504,235.342,79769.0938014181,79989.9991871,47.18,47.18,124.177040486805,-0.24341667877383344,-0.2705017694460743,-160.70697013629663
2015-03-01,-99.068296,235.976,80843.0158000572,80924.8551871,47.22,47.22,124.13239125563145,1.3373063913670435,-0.03596257406854875,-160.89125732817104
2015-04-01,-96.365917,236.222,80783.7109130016,80528.0681871,51.62,51.62,124.06245844535664,-0.07338500373439416,-0.05635315334684421,-152.08628465409913
2015-05-01,-95.575602,237.001,80993.4800815501,80467.9041871,57.51,57.51,123.74836754574204,0.25933110201954435,-0.25349261199556494,-141.61055148098492
2015-06-01,-79.903505,237.657,81443.6180545697,80919.9951871,58.89,58.89,124.3350911971146,0.554231921693038,0.4730059378124096,-139.51571607507483
2015-07-01,-46.585532,238.034,81518.5162338892,81433.0771871,52.42,52.42,124.07425868463432,0.091920966695902,-0.21000224706719806,-151.31253227159615
2015-08-01,-37.571248,238.033,81392.5802138366,81173.5001871,43.23,43.23,124.49109553380848,-0.15460708065244688,0.33539448104722425,-170.5874620842339
2015-09-01,-55.328306,237.498,81340.5201030616,81062.4931871,41.12,41.12,124.37144851537984,-0.06398220454180148,-0.09615511093032936,-175.36645812396975
2015-10-01,-66.650168,237.733,80742.7994800267,81016.8341871,42.03,42.03,124.77885124480906,-0.7375507043441587,0.32703399748923445,-173.27645461716278
2015-11-01,-97.495293,238.017,81056.6440544978,81689.1811871,39.05,39.05,124.31098861255964,0.3879431983548898,-0.37565818238114446,-180.74992234063095
2015-12-01,-108.68449,237.761,81327.2713656369,81868.1911871,33.16,33.16,124.01275898947095,0.3333181873303559,-0.2401943183853561,-196.99216371753937
2016-01-01,-138.03106,237.652,81649.0446759205,81795.41,27.48,27.48,125.35768452359676,0.3948717656644618,1.0786671873248999,-215.73489514078864
2016-02-01,-160.73704,237.336,80820.8879766292,81043.412,26.66,26.66,125.02797942597635,-1.0194672434190366,-0.2633579598624536,-218.6312543885237
2016-03-01,-138.64465,238.08,80845.414049958,80928.202,32.24,32.24,125.28072428385592,0.030341602683492397,0.2019465883766003,-199.93988340062995
2016-04-01,-92.817533,238.992,80407.854384528,80148.383,35.9,35.9,125.51082522869189,-0.542699994371354,0.18349981077898647,-189.56927830737033
2016-05-01,-90.860503,239.557,79887.2206934502,79355.897,40.88,40.88,125.44819974466932,-0.6495964041466351,-0.04990893260696794,-176.8150438463642
2016-06-01,-92.929832,240.222,80597.9004945038,80068.621,44.13,44.13,126.31682558927686,0.8856701996212024,0.6900317389540334,-169.44236725116704
2016-07-01,-77.542199,240.101,80919.2277128764,80827.959,41.48,41.48,125.70197635861378,0.39788677010310636,-0.4879401424019214,-175.5848284788486
2016-08-01,-82.560952,240.545,80474.0929177129,80255.518,41.21,41.21,126.07324989916349,-0.5516162901155752,0.2949248146304484,-176.42262368792723
2016-09-01,-61.941449,241.176,80903.4525526698,80623.222,40.86,40.86,125.96148503155078,0.5321194430349507,-0.08869005692373477,-177.53753680252913
2016-10-01,-57.206648,241.741,81507.9505521,81783.142,44.76,44.76,126.83403785871296,0.7444068327103537,0.6903257481035041,-168.65520216547978
2016-11-01,-36.118677,242.026,82137.3278588929,82777.842,41.8,41.8,126.92318194808252,0.7692008178883825,0.07025935506748127,-175.61488188714546
2016-12-01,-38.303626,242.637,81679.0547479683,82225.155,46.72,46.72,126.88902479694868,-0.5594975290058812,-0.02691529440461693,-164.73941607878757
2017-01-01,-53.118199,243.618,81086.0676629426,81234.816615486,48.12,48.12,127.85577746216126,-0.7286446872987185,0.7590006137182748,-162.1903533625028
2017-02-01,-70.879242,244.006,80887.1823740293,81112.008893113,49.38,49.38,128.33369493686936,-0.24557806776357438,0.37309732099704007,-159.76473312377698
2017-03-01,-29.922995,243.892,80530.3126502463,80614.500182659,46.53,46.53,129.01558161615276,-0.4421705406508991,0.5299321483941632,-165.66282384993715
2017-04-01,-23.067242,244.193,80366.9324354639,80105.464122854,47.47,47.47,129.27656943628483,-0.20308647404050362,0.2020873711337856,-163.7860963673863
2017-05-01,-45.578858,244.004,81433.6481644356,80898.767953586,47.21,47.21,129.50706446858402,1.3185752242248938,0.17813730317755017,-164.25788840432583
2017-06-01,-57.808785,244.163,81683.9808227433,81149.599407979,44.03,44.03,129.47927127320767,0.3069353771172345,-0.021463059356729985,-171.29648152778464
2017-07-01,-52.48338,244.243,81718.1835643106,81620.910243694,44.76,44.76,129.33671267722045,0.04186326686070885,-0.11016213776935402,-169.68487479077902
2017-08-01,-29.574313,245.183,81408.2004368693,81191.039310123,47.62,47.62,130.17848438081424,-0.38005317466769384,0.6487286026325201,-163.87520294415856
2017-09-01,-12.165981,246.435,81611.3991388514,81328.77377177,50.46,50.46,130.46378519162477,0.24929371406425815,0.21892145523771944,-158.5917323813498
2017-10-01,-3.5926248,246.626,81270.3923776389,81545.699284834,51.4,51.4,130.5541312185673,-0.41871747143815696,0.06922592272058381,-156.82348466124157
2017-11-01,-5.7573982,247.284,81359.2075967154,82005.066456199,56.3,56.3,131.77102810417074,0.10922393945520525,0.9277841422237643,-147.984293854221
2017-12-01,4.9398805,247.805,81096.745571532,81646.644116536,57.44,57.44,131.96378721102226,-0.3231180494383423,0.14617648484849255,-146.19012218140597
2018-01-01,-21.805176,248.859,81978.7953555234,82129.308539925,59.71,59.71,132.47125094422424,1.081778886950957,0.3838102240136365,-142.73869604569555
2018-02-01,-31.834958,249.529,82137.1669883252,82364.969767975,58.03,58.03,132.93298644421094,0.19299972982498304,0.3479492041103427,-145.86150226995167
2018-03-01,-29.104876,249.577,82192.9566919198,82280.006843415,56.82,56.82,132.44750488403352,0.06789954816373012,-0.3658762551264516,-147.98791083874977
2018-04-01,-31.386525,250.227,82273.2107182337,82011.680963247,61.24,61.24,133.15785976208238,0.09759336396975016,0.5348962530796975,-140.75679350901314
2018-05-01,-17.880143,250.792,82466.5127803586,81928.174865565,65.89,65.89,132.90321082650064,0.23467582284784072,-0.19142147535964327,-133.66372253976527
2018-06-01,-13.339587999999999,251.018,82634.4362692201,82093.988226971,66.82,66.82,132.70481133397854,0.2034192386329181,-0.14939272376466306,-132.3522212779319
2018-07-01,6.6700332,251.214,82913.3203915359,82809.019260027,66.62,66.62,133.07972091568664,0.33692318368920837,0.28211561236552996,-132.7300332759589
2018-08-01,10.23191,251.663,83436.763043234,83220.907928457,65.48,65.48,133.6523766233089,0.6293286645702167,0.4293870837135394,-134.63461384354204
2018-09-01,-6.5055566,252.182,83652.1909906571,83366.81860093,66.7,66.7,133.16391997654952,0.2578603331826912,-0.36613745011653265,-132.99460961351016
2018-10-01,-0.017453711,252.772,83958.7507432724,84234.400443685,67.79,67.79,134.0818849953575,0.3657996205760128,0.6869845004032982,-131.60732052018716
2018-11-01,-25.717503,252.594,83940.4769846055,84591.883698219,54.4,54.4,133.4959934226132,-0.02176753161577949,-0.4379229796898976,-153.54193028032665
2018-12-01,-14.287455,252.767,83570.7150252576,84125.572333528,42.8,42.8,133.62181048681666,-0.4414780355567416,0.09420343508859119,-177.5930013189445
2019-01-01,-36.820902,252.561,82297.5224156183,82450.415930931,49.71,49.71,133.57966572318955,-1.5352157056877758,-0.03154530773885611,-162.54466835904952
2019-02-01,-89.423848,253.319,82191.7445033902,82422.842257151,56.66,56.66,133.4970223977386,-0.12861377376207628,-0.061887339303279276,-149.7581069661879
2019-03-01,-81.836519,254.277,82045.1235553932,82135.831543653,61.14,61.14,134.26581925776793,-0.17854820136502525,0.5742387314575659,-142.52579075179895
2019-04-01,-69.224515,255.233,82312.6233612496,82051.968069615,65.42,65.42,134.16678645805433,0.32550950237393295,-0.07378597241762819,-136.13488313453627
2019-05-01,-39.796217,255.296,82156.3570147334,81614.91805528,65.03,65.03,134.2502039016506,-0.19002536913852452,0.06215511631362247,-136.75749544018808
2019-06-01,-27.090101,255.213,82123.1749810276,81576.741396231,58.16,58.16,133.44369069641382,-0.04039704003773181,-0.602565588372439,-147.8900657386822
2019-07-01,19.400189,255.802,81287.2075309983,81176.030991282,59.18,59.18,133.61174649789285,-1.0231598873700065,0.12585838013894346,-146.38200607504012
2019-08-01,25.294196,256.036,82476.8754622826,82260.689898297,55.41,55.41,133.63874022864732,1.4529301392180116,0.02020107141946781,-153.0557976713536
2019-09-01,38.213425,256.43,80881.9199402409,80592.619306832,57.31,57.31,133.47991381070344,-1.9527644059078142,-0.11891826666481364,-149.83805943185425
2019-10-01,16.997518,257.155,82201.4342712334,82474.950512025,54.44,54.44,133.66504288143847,1.6182437901047564,0.1385982371987282,-155.25798381529657
2019-11-01,-8.3325262,257.879,82653.1683885276,83307.487577193,55.27,55.27,133.94352795562395,0.5480408076612875,0.20812874105029522,-154.02602168171217
2019-12-01,-11.169136,258.63,82908.3738770098,83466.721242652,56.85,56.85,134.16257014661798,0.30829102836307243,0.16339966996676836,-151.49822486933982
2020-01-01,-78.998003,259.127,82807.2779092277,82963.181329799,53.87,53.87,127.6838547007105,-0.1220113842403947,-4.94949510847853,-157.07445523163977
2020-02-01,-120.7878,259.25,81913.9904124245,82149.946093307,47.39,47.39,128.04832444594655,-1.0846155605955587,0.28504038343752924,-169.93816111301396
2020-03-01,-93.645598,258.076,82177.4200902332,82273.233280936,28.5,28.5,127.7301545460852,0.3210770183653011,-0.24878564078001375,-220.33500279121262
2020-04-01,-82.713068,256.032,82848.4677517014,82589.121526458,16.74,16.74,116.90216783086838,0.8132679894742978,-8.858245837258405,-272.7501371606384
2020-05-01,-113.04652,255.802,72015.3724373699,71471.139415658,22.56,22.56,117.8491212688813,-14.013364715388121,0.8067760377155508,-242.82252810926067
2020-06-01,-28.194416,257.042,70758.1543353537,70206.996632675,36.14,36.14,123.34002264220358,-1.7611816796158308,4.553978013680116,-196.18392105033834
2020-07-01,6.8799947,258.352,71795.3914836233,71679.272944209,39.33,39.33,127.32996628535749,1.4552503024045649,3.1836923664856798,-188.23354096955472
2020-08-01,-0.75815657,259.316,72974.4044723947,72757.138815757,41.72,41.72,129.03269008537475,1.6288467470369383,1.328390696923254,-182.7066765097676
2020-09-01,-8.0294464,259.997,72897.7553191628,72606.627968292,38.73,38.73,131.14157687263463,-0.10509086914982646,1.6211695335489829,-190.405559896076
2020-10-01,6.5048891,260.319,72911.2058188569,73182.31014469,37.81,37.81,132.60595909093797,0.01844948297726745,1.1104537987535856,-192.93341841345705
2020-11-01,-25.921513,260.911,74323.8527082021,74978.94092818,39.15,39.15,134.03434119193415,1.9189590477717289,1.0714027573220264,-189.67789305648853
2020-12-01,-20.904805,262.045,75159.6979886563,75718.864523146,45.34,45.34,135.17108552436363,1.118322367582536,0.8445231602655312,-175.43265996585788
2021-01-01,7.76542,262.639,75935.2611640088,76092.52124025638,49.6,49.6,136.01712285215504,1.0265994194837091,0.6239504863731149,-166.67896319620604
2021-02-01,-2.4356239,263.573,73934.7544437231,74176.129003262,55.7100000000001,55.71,135.13927417067652,-2.669814291181183,-0.6474873969597894,-155.4170705428436
2021-03-01,26.915006,264.847,75947.2706214648,76048.843495438,59.8400000000001,59.84,136.2287502386902,2.6856284303582,0.802955266322325,-148.74779670938386
2021-04-01,46.827907,266.625,75811.2684279307,75552.978633605,60.88,60.88,137.63483274821252,-0.17923502795316182,1.0268578606747347,-147.69384632380843
2021-05-01,64.395199,268.404,76599.9153842279,76053.028491109,63.8100000000001,63.81,136.04607829557835,1.0349030502782242,-1.161039908646888,-143.65833902358764
2021-06-01,62.589132,270.71,77110.6196578564,76557.842857276,68.86,68.86,137.15502973626673,0.6645037735783177,0.8118250611911293,-136.8972679290957
2021-07-01,70.666147,271.965,77955.9940065161,77836.960865776,69.91,69.91,137.45475455758512,1.0903478239693953,0.21829152308452393,-135.8464681021988
2021-08-01,85.978821,272.752,77647.0639173424,77428.40088130216,65.7200000000001,65.72,136.9818545143022,-0.39707509505326755,-0.3446336936929306,-142.31596642395004
2021-09-01,99.921793,273.942,78120.5351052443,77829.19787399731,69.27,69.27,136.33857257093626,0.6079218644195805,-0.47071720033313724,-137.49044931143138
2021-10-01,110.84622,276.528,78893.8482570226,79163.78706616447,75.9400000000001,75.94,137.73505568871818,0.9850300182538518,1.0190657247598267,-129.23685268544796
2021-11-01,55.155691,278.824,79400.547959378,80055.431003117,76.6100000000001,76.61,139.43471523055334,0.640201352781844,1.2264547040980567,-129.1853141866464
2021-12-01,56.469229,280.806,79023.5334170866,79581.7335087,68.2200000000001,68.22,140.78525876661104,-0.47595700191607193,0.9639241442499724,-141.492626245424
2022-01-01,8.5114186,282.542,79522.6592791306,79678.726845037,76.92,76.92,141.1342601279122,0.6296303966397687,0.2475894829508718,-130.10612913816175
2022-02-01,12.096934,284.525,80550.3934000319,80795.749555992,87.73,87.73,141.892403473853,1.2840990106356642,0.5357411557168845,-117.65572070276609
2022-03-01,40.711037,287.467,80644.1147979898,80751.180000485,104.39,104.39,141.3801164106595,0.11628362475413212,-0.36169242387966705,-101.29741856204745
2022-04-01,30.064673,288.582,80145.018855556,79888.827136571,102.7,102.7,139.62763835461038,-0.6208100436179365,-1.2472970915712978,-103.31671573977945
2022-05-01,57.488446,291.299,79907.554450535,79358.553215304,108.71,108.71,140.36353305109677,-0.2967332225363606,0.5256568535938477,-98.56664448565294
2022-06-01,35.514711,295.072,80141.8652044615,79588.509851289,112.06,112.06,141.59478124921642,0.2927982142374219,0.8733603244658106,-96.81849522195924
2022-07-01,21.733065,294.94,80740.1689499038,80617.918442399,99.67,99.67,141.26122242890779,0.7437828677756997,-0.23585073011789248,-108.490721684343
2022-08-01,-16.765276,295.162,81817.0790668777,81597.239321063,92.2100000000001,92.21,141.8828357001427,1.3249804423004719,0.43907986204718696,-116.3455773602064
2022-09-01,-11.84692,296.421,82422.5807007411,82131.191531538,83.3,83.3,142.498250078727,0.7373424640709558,0.43281031689206273,-126.93321919418071
2022-10-01,7.6748626,297.979,81844.5664259673,82113.238637683,84.26,84.26,141.79407962838496,-0.7037519923812852,-0.49538578204835204,-126.31157576727632
2022-11-01,-25.794807,298.708,81721.6707963964,82375.38718486,79.31,79.31,141.59156725476507,-0.1502701960795605,-0.14292354628411275,-132.61022834933274
2022-12-01,-14.456073,298.808,81240.3195520151,81798.256461835,70.89,70.89,140.89299894062574,-0.5907544983276836,-0.4945896673738126,-143.86718467950388
2023-01-01,-61.741498,300.456,81812.2151899291,81966.903675408,70.32,70.32,141.5219113675441,0.701489227388663,0.4453826222232671,-145.22450672485493
2023-02-01,-94.225782,301.476,82367.4671735648,82615.078437841,69.6700000000001,69.67,142.37997561801473,0.676398069000328,0.6044812680665146,-146.49206019667548
2023-03-01,-17.898514,301.643,82419.739559689,82531.078590576,68.53,68.53,142.5313329191849,0.0634422888932562,0.10624872433879773,-148.19725933178094
2023-04-01,-13.286619,302.858,82255.3074719239,82002.073181361,75.23,75.23,141.48925991297264,-0.19970498916279666,-0.7338043145733053,-139.2713961223289
2023-05-01,-17.689699,303.316,81728.6546262359,81179.691780621,70.05,70.05,142.30022411176537,-0.6423245903715014,0.5715267491620324,-146.5565893569912
2023-06-01,-44.681353,304.099,82474.2176805161,81921.862535904,69.5800000000001,69.58,142.91426987680225,0.9081061340921792,0.43058591109579325,-147.48761365621385
2023-07-01,-48.641296,304.615,81278.0596555296,81153.514958828,74.83,74.83,142.3920335418781,-1.4609620337925122,-0.36608859455329323,-140.38298100676627
2023-08-01,-38.917262,306.138,81038.1906428822,80816.565547887,81.1000000000001,81.1,142.9986187124674,-0.29555782223891214,0.4250917675325816,-132.83530195620756
2023-09-01,-19.981772,307.374,82022.0730261018,81728.344008617,87.1400000000001,87.14,143.30708803479556,1.206786131156079,0.21548256595487203,-126.0549226486745
2023-10-01,9.4370064,307.653,81702.0266310344,81968.731960293,83.21,83.21,143.52154313878725,-0.3909586962373979,0.1495353815104572,-130.76049915674264
2023-11-01,7.4640717,308.087,82081.6051562598,82733.939972657,76.4200000000001,76.42,144.03326558219314,0.463512990484638,0.35591335499898236,-139.41377686008443
2023-12-01,40.074014,308.735,82456.9504840147,83015.679363065,68.09,68.09,144.03354332417013,0.45624076056753893,1.928316406996089e-4,-151.16529442711683
2024-01-01,-5.1801491,309.794,81533.7811377174,81687.635199424,69.37,69.37,143.53317552957333,-1.125891797837042,-0.34800153617693397,-149.64530630642452
2024-02-01,21.251802,311.022,82077.337832422,82325.838183673,73,73,144.3688599877774,0.6644520225083994,0.5805355309359328,-144.94042080787582
2024-03-01,26.690621,312.107,82690.0158649531,82803.977759808,75.9900000000001,75.99,143.9566561621217,0.7436920513708145,-0.285929675592822,-141.27443250522666
2024-04-01,1.1037697,313.016,82537.0887873802,82286.133541906,81.93,81.93,144.49492253104384,-0.18511142171657724,0.37321133490655356,-134.03890832908013
2024-05-01,10.284761,313.14,82081.8501277391,81533.593900357,78.34,78.34,144.98388276376954,-0.5530831666435532,0.33782141476113026,-138.55920466456917
2024-06-01,11.871023,313.131,81827.0426303333,81275.299523963,78.8500000000001,78.85,144.99171726185546,-0.31091382338246376,0.005403556773142526,-137.90743199231449
2024-07-01,12.056807,313.566,81728.1393577641,81603.231149218,79.5100000000001,79.51,145.26945579230323,-0.12094179276065375,0.19137152398922552,-137.21270643178164
2024-08-01,0.55242866,314.131,81978.622860688,81757.022706287,74.7500000000001,74.75,145.52523350119094,0.30601509064265286,0.17591640031060507,-143.56608840870257
2024-09-01,14.041753,314.851,80951.9028714966,80656.144423751,69.77,69.77,145.55175627786795,-1.2603329857647338,0.018223891054081065,-150.68953930941734
2024-10-01,-2.4624702,315.564,81429.6457602925,81695.00426087,70.7700000000001,70.77,146.38973512788752,0.5884218635296534,0.5740747211812725,-149.49263319366605
2024-11-01,-10.498205,316.449,81314.1874352269,81965.091996015,69.13,69.13,146.42309895164198,-0.14188967061823377,0.02278849832775265,-152.11733012022668
2024-12-01,-44.431746,317.603,81855.6438077834,82414.506643314,68.28,68.28,147.5749026145651,0.6636745970302727,0.7835492416213619,-153.7185277245958
2025-01-01,-61.42609,319.086,82029.9144862823,82183.64832923157,72.71,72.71,147.38932118556565,0.21267370474689073,-0.12583319502006418,-147.89817322658467
